id,nombre,edad,nacionalidad,rating,club,valor,id_perfil,numero_jersey,altura,peso,carrera,conclusion,efectividad_cabeza,pases_cortos,voleas,dribling,pases_largos,control_balon,aceleración,agilidad,poder_tiro,salto,actitud,poder,tiros_largos,agresividad,posicionamiento,visión,penalties
41,G. Buffon,40,Italy,88,Paris Saint-Germain,4.0,0,1.0,195.0,92.0,13.0,15.0,13.0,37.0,17.0,26.0,35.0,28.0,49.0,55.0,39.0,75.0,39.0,69.0,13.0,38.0,12.0,50.0,22.0
102,Naldo,35,Brazil,85,FC Schalke 04,9.0,0,29.0,201.0,91.0,45.0,57.0,94.0,76.0,60.0,60.0,70.0,68.0,60.0,46.0,92.0,45.0,61.0,83.0,82.0,72.0,53.0,59.0,60.0
108,Pepe,35,Portugal,85,Beşiktaş JK,9.0,0,3.0,188.0,81.0,46.0,46.0,80.0,70.0,23.0,58.0,61.0,62.0,65.0,63.0,63.0,76.0,60.0,86.0,56.0,94.0,40.0,48.0,57.0
109,Z. Ibrahimović,36,Sweden,85,LA Galaxy,14.0,0,9.0,198.0,94.0,73.0,86.0,83.0,79.0,86.0,79.0,73.0,84.0,58.0,75.0,90.0,68.0,61.0,86.0,82.0,84.0,85.0,79.0,89.0
152,A. Barzagli,37,Italy,84,Juventus,4.2,0,15.0,188.0,87.0,40.0,21.0,72.0,65.0,35.0,64.0,65.0,65.0,61.0,52.0,54.0,81.0,53.0,83.0,39.0,66.0,28.0,62.0,60.0
221,F. Ribéry,35,France,83,FC Bayern München,11.5,0,7.0,173.0,72.0,80.0,74.0,41.0,83.0,79.0,84.0,74.0,87.0,78.0,84.0,75.0,34.0,58.0,60.0,71.0,51.0,77.0,84.0,78.0
224,Pepe Reina,35,Spain,83,Milan,6.0,0,25.0,188.0,92.0,11.0,14.0,13.0,19.0,11.0,10.0,22.0,23.0,50.0,50.0,24.0,73.0,34.0,72.0,15.0,32.0,13.0,65.0,24.0
314,Dani Alves,35,Brazil,82,Paris Saint-Germain,4.8,0,13.0,176.0,68.0,85.0,61.0,72.0,81.0,68.0,84.0,79.0,86.0,77.0,84.0,86.0,80.0,74.0,55.0,78.0,78.0,74.0,78.0,70.0
315,David Villa,36,Spain,82,New York City FC,8.0,0,7.0,179.0,68.0,71.0,86.0,67.0,76.0,79.0,83.0,67.0,85.0,72.0,71.0,81.0,67.0,70.0,66.0,79.0,67.0,86.0,75.0,88.0
316,Aduriz,37,Spain,82,Athletic Club de Bilbao,8.0,0,20.0,182.0,78.0,54.0,83.0,92.0,72.0,80.0,76.0,52.0,82.0,64.0,50.0,82.0,90.0,60.0,82.0,78.0,82.0,87.0,73.0,82.0
317,P. Čech,36,Czech Republic,82,Arsenal,3.0,1,1.0,198.0,89.0,19.0,12.0,19.0,35.0,17.0,12.0,33.0,22.0,35.0,46.0,21.0,50.0,32.0,63.0,11.0,17.0,13.0,53.0,23.0
318,Casillas,37,Spain,82,FC Porto,1.5,1,1.0,185.0,83.0,13.0,12.0,25.0,21.0,14.0,25.0,22.0,23.0,59.0,62.0,28.0,77.0,43.0,70.0,13.0,23.0,16.0,65.0,24.0
403,F. Quagliarella,35,Italy,81,Sampdoria,8.0,0,27.0,155.0,78.0,66.0,84.0,68.0,76.0,87.0,76.0,73.0,81.0,73.0,71.0,87.0,69.0,66.0,76.0,89.0,44.0,84.0,77.0,84.0
411,Joaquín,36,Spain,81,Real Betis,6.0,0,17.0,155.0,74.0,86.0,80.0,59.0,82.0,68.0,85.0,83.0,83.0,69.0,72.0,74.0,33.0,54.0,64.0,76.0,53.0,81.0,84.0,75.0
544,Diego López,36,Spain,80,RCD Espanyol,2.0,0,13.0,198.0,88.0,11.0,12.0,10.0,28.0,14.0,11.0,23.0,23.0,34.0,48.0,22.0,68.0,42.0,66.0,11.0,36.0,11.0,53.0,21.0
549,D. Srna,36,Croatia,80,Cagliari,1.7,0,33.0,155.0,78.0,85.0,69.0,60.0,85.0,72.0,72.0,87.0,83.0,69.0,71.0,83.0,67.0,74.0,72.0,77.0,83.0,76.0,86.0,84.0
554,S. Sorrentino,39,Italy,80,Chievo Verona,1.0,0,70.0,185.0,84.0,11.0,10.0,10.0,36.0,18.0,14.0,34.0,20.0,34.0,52.0,21.0,74.0,28.0,74.0,13.0,22.0,10.0,34.0,20.0
719,L. López,35,Argentina,79,Racing Club,6.0,0,15.0,179.0,72.0,66.0,80.0,76.0,75.0,74.0,78.0,70.0,80.0,77.0,84.0,77.0,84.0,77.0,75.0,75.0,61.0,82.0,72.0,80.0
725,E. Belözoğlu,37,Turkey,79,Medipol Başakşehir FK,4.0,1,5.0,173.0,72.0,80.0,68.0,43.0,86.0,69.0,78.0,87.0,82.0,54.0,68.0,77.0,72.0,61.0,65.0,76.0,87.0,63.0,86.0,85.0
864,Hilton,40,Brazil,78,Montpellier HSC,,0,4.0,155.0,78.0,60.0,45.0,79.0,73.0,51.0,63.0,72.0,73.0,33.0,51.0,55.0,79.0,54.0,76.0,58.0,76.0,50.0,67.0,64.0
871,C. Bravo,35,Chile,78,Manchester City,2.4,0,1.0,182.0,79.0,12.0,13.0,18.0,56.0,11.0,22.0,54.0,41.0,58.0,63.0,22.0,81.0,41.0,69.0,17.0,40.0,16.0,69.0,23.0
911,Sergio García,35,Spain,77,RCD Espanyol,4.1,0,9.0,179.0,72.0,77.0,76.0,70.0,76.0,72.0,82.0,72.0,78.0,68.0,66.0,77.0,54.0,54.0,72.0,74.0,61.0,81.0,77.0,80.0
913,J. Pinola,35,Argentina,77,River Plate,2.1,1,22.0,155.0,78.0,65.0,38.0,74.0,76.0,46.0,63.0,68.0,65.0,68.0,65.0,71.0,81.0,67.0,81.0,59.0,82.0,59.0,58.0,38.0
926,Gomes,37,Brazil,77,Watford,0.6,0,1.0,192.0,94.0,15.0,15.0,14.0,23.0,13.0,15.0,19.0,25.0,50.0,56.0,30.0,76.0,27.0,64.0,14.0,40.0,12.0,59.0,41.0
992,J. Sand,37,Argentina,77,Deportivo Cali,3.2,0,9.0,182.0,78.0,56.0,83.0,84.0,71.0,80.0,66.0,44.0,81.0,47.0,67.0,76.0,72.0,57.0,73.0,73.0,75.0,84.0,73.0,84.0
1019,Jorge Molina,36,Spain,77,Getafe CF,3.2,0,19.0,188.0,72.0,49.0,79.0,82.0,75.0,79.0,68.0,57.0,77.0,34.0,33.0,83.0,42.0,64.0,90.0,75.0,76.0,82.0,69.0,80.0
1027,J. Defoe,35,England,77,Bournemouth,4.1,0,18.0,173.0,64.0,54.0,85.0,65.0,66.0,82.0,74.0,43.0,77.0,73.0,77.0,84.0,68.0,55.0,54.0,78.0,62.0,85.0,65.0,74.0
1071,F. Marchetti,35,Italy,77,Genoa,2.1,1,1.0,188.0,83.0,13.0,17.0,12.0,36.0,12.0,11.0,35.0,20.0,55.0,60.0,20.0,84.0,34.0,62.0,13.0,36.0,12.0,45.0,22.0
1078,P. Jagielka,35,England,77,Everton,2.1,0,6.0,155.0,87.0,55.0,30.0,77.0,70.0,44.0,49.0,66.0,60.0,40.0,45.0,69.0,81.0,50.0,77.0,54.0,79.0,48.0,39.0,55.0
1092,R. Palacio,36,Argentina,77,Bologna,3.2,0,24.0,179.0,69.0,70.0,76.0,74.0,76.0,76.0,82.0,56.0,84.0,79.0,79.0,70.0,76.0,65.0,61.0,60.0,78.0,80.0,77.0,79.0
1100,Douglas,35,Brazil,77,Vitória Guimarães,2.1,0,1.0,188.0,87.0,13.0,10.0,14.0,34.0,14.0,14.0,32.0,20.0,33.0,44.0,22.0,74.0,44.0,72.0,17.0,38.0,14.0,54.0,14.0
1137,Rubén Castro,37,Spain,77,UD Las Palmas,3.2,0,7.0,173.0,68.0,60.0,81.0,71.0,67.0,70.0,80.0,45.0,78.0,77.0,85.0,74.0,76.0,55.0,57.0,75.0,50.0,83.0,74.0,76.0
1271,C. Riveros,35,Paraguay,76,,,0,16.0,155.0,73.0,74.0,69.0,70.0,81.0,64.0,69.0,77.0,76.0,60.0,79.0,71.0,65.0,75.0,62.0,71.0,72.0,76.0,77.0,71.0
1287,W. Caballero,36,Argentina,76,Chelsea,1.0,0,13.0,185.0,81.0,12.0,11.0,22.0,33.0,13.0,12.0,48.0,30.0,43.0,39.0,23.0,70.0,37.0,69.0,14.0,30.0,7.0,47.0,16.0
1294,A. Bizzarri,40,Argentina,76,Foggia,0.53,0,1.0,188.0,88.0,11.0,17.0,10.0,27.0,19.0,18.0,26.0,23.0,55.0,53.0,19.0,68.0,31.0,55.0,19.0,40.0,10.0,49.0,20.0
1354,S. Proto,35,Belgium,76,Lazio,1.8,0,24.0,182.0,73.0,17.0,14.0,14.0,33.0,17.0,11.0,37.0,32.0,48.0,58.0,37.0,75.0,27.0,61.0,15.0,28.0,18.0,58.0,25.0
1360,Beto,36,Portugal,76,Göztepe SK,1.0,0,22.0,182.0,81.0,17.0,12.0,22.0,36.0,17.0,14.0,32.0,18.0,47.0,69.0,25.0,67.0,40.0,52.0,12.0,29.0,12.0,47.0,23.0
1387,C. Théréau,35,France,76,Fiorentina,3.4,0,77.0,188.0,78.0,70.0,80.0,76.0,76.0,80.0,79.0,60.0,81.0,68.0,69.0,76.0,72.0,66.0,72.0,70.0,60.0,80.0,78.0,74.0
1608,A. Talavera,35,Mexico,75,Deportivo Toluca,1.6,0,1.0,188.0,82.0,15.0,13.0,14.0,35.0,13.0,10.0,35.0,21.0,58.0,57.0,25.0,80.0,36.0,75.0,13.0,38.0,14.0,43.0,44.0
1625,D. Bonera,37,Italy,75,Villarreal CF,0.9,0,23.0,182.0,83.0,58.0,23.0,74.0,60.0,19.0,41.0,61.0,51.0,33.0,34.0,60.0,74.0,34.0,77.0,53.0,80.0,27.0,41.0,49.0
1641,Y. Pelé,35,France,75,Olympique de Marseille,1.6,0,16.0,198.0,88.0,15.0,14.0,16.0,34.0,11.0,13.0,33.0,18.0,51.0,42.0,17.0,67.0,32.0,78.0,13.0,33.0,15.0,14.0,13.0
1668,Rafael,36,Brazil,75,Cagliari,0.9,0,1.0,188.0,79.0,13.0,11.0,10.0,25.0,10.0,13.0,24.0,23.0,43.0,31.0,21.0,63.0,41.0,49.0,14.0,31.0,12.0,45.0,22.0
1677,N. Spolli,35,Argentina,75,Genoa,1.6,0,2.0,195.0,89.0,25.0,36.0,78.0,45.0,35.0,45.0,45.0,49.0,32.0,32.0,72.0,68.0,33.0,93.0,22.0,73.0,20.0,25.0,33.0
1692,Diego Castro,35,Spain,75,Perth Glory,2.9,0,17.0,179.0,71.0,78.0,71.0,55.0,69.0,68.0,82.0,65.0,80.0,66.0,72.0,73.0,73.0,51.0,58.0,72.0,65.0,76.0,76.0,85.0
1704,L. Butelle,35,France,75,Angers SCO,1.6,1,16.0,188.0,83.0,11.0,11.0,13.0,31.0,12.0,11.0,23.0,23.0,35.0,37.0,24.0,63.0,28.0,69.0,12.0,35.0,15.0,44.0,22.0
1720,Iraizoz,37,Spain,75,Girona FC,0.45,0,1.0,192.0,88.0,11.0,12.0,13.0,29.0,16.0,11.0,20.0,15.0,32.0,28.0,20.0,47.0,33.0,83.0,14.0,38.0,16.0,53.0,13.0
1788,A. Pérez,37,Colombia,75,Deportivo Cali,0.9,0,5.0,155.0,74.0,61.0,55.0,55.0,74.0,59.0,59.0,71.0,71.0,49.0,64.0,75.0,68.0,66.0,74.0,74.0,88.0,69.0,72.0,62.0
1789,B. Jones,36,Australia,75,Al Nassr,0.9,1,1.0,195.0,87.0,19.0,17.0,11.0,28.0,11.0,18.0,18.0,22.0,52.0,25.0,24.0,70.0,40.0,72.0,11.0,32.0,17.0,30.0,35.0
1792,A. McGregor,36,Scotland,75,Rangers FC,0.9,0,1.0,182.0,73.0,11.0,19.0,13.0,36.0,15.0,18.0,39.0,29.0,33.0,65.0,23.0,73.0,30.0,71.0,14.0,53.0,13.0,60.0,23.0
1848,Cássio,37,Brazil,75,Al Taawoun,0.45,0,1.0,185.0,78.0,11.0,11.0,12.0,25.0,14.0,12.0,22.0,22.0,34.0,45.0,24.0,70.0,30.0,64.0,11.0,40.0,13.0,60.0,24.0
1863,E. Moretti,37,Italy,75,Torino,0.9,1,24.0,182.0,77.0,51.0,16.0,75.0,59.0,27.0,49.0,56.0,64.0,48.0,48.0,56.0,73.0,39.0,68.0,39.0,74.0,31.0,31.0,49.0
1952,P. Guiñazú,39,Argentina,75,Club Atlético Talleres,0.45,1,5.0,179.0,68.0,63.0,48.0,60.0,82.0,25.0,63.0,68.0,70.0,58.0,56.0,65.0,75.0,89.0,79.0,60.0,84.0,67.0,69.0,55.0
1960,C. Maggio,36,Italy,75,Benevento,0.78,0,11.0,182.0,78.0,77.0,67.0,74.0,74.0,79.0,70.0,72.0,77.0,68.0,74.0,75.0,86.0,79.0,77.0,69.0,72.0,74.0,58.0,57.0
1987,Ricardo,35,Portugal,75,GD Chaves,1.6,0,13.0,188.0,83.0,13.0,13.0,11.0,23.0,19.0,16.0,22.0,16.0,36.0,48.0,19.0,73.0,41.0,67.0,11.0,35.0,11.0,30.0,24.0
2026,E. Paredes,37,Chile,75,Colo-Colo,2.4,1,7.0,155.0,82.0,62.0,81.0,70.0,69.0,66.0,73.0,69.0,75.0,68.0,70.0,71.0,72.0,68.0,80.0,71.0,55.0,80.0,69.0,78.0
2062,J. Corona,37,Mexico,75,Cruz Azul,0.45,0,1.0,182.0,83.0,17.0,12.0,13.0,33.0,12.0,13.0,33.0,20.0,41.0,64.0,21.0,79.0,25.0,52.0,12.0,11.0,15.0,40.0,21.0
2081,M. Krohn-Dehli,35,Denmark,74,Deportivo de La Coruña,2.4,0,14.0,173.0,68.0,79.0,66.0,50.0,73.0,53.0,72.0,74.0,74.0,67.0,71.0,80.0,55.0,61.0,66.0,65.0,67.0,75.0,78.0,76.0
2085,M. Pasqual,36,Italy,74,Empoli,0.65,1,23.0,155.0,71.0,86.0,46.0,60.0,78.0,62.0,72.0,77.0,77.0,67.0,76.0,72.0,77.0,68.0,66.0,62.0,66.0,66.0,70.0,50.0
2095,V. Demirel,36,Turkey,74,Fenerbahçe SK,0.75,0,1.0,192.0,89.0,18.0,14.0,18.0,38.0,13.0,25.0,42.0,28.0,32.0,36.0,25.0,70.0,42.0,83.0,12.0,45.0,12.0,50.0,11.0
2131,Eduardo,35,Portugal,74,Vitesse,1.3,0,1.0,188.0,87.0,13.0,20.0,12.0,22.0,11.0,11.0,32.0,32.0,42.0,58.0,38.0,73.0,18.0,69.0,18.0,28.0,11.0,40.0,37.0
2224,Seoane,35,Spain,74,CD Lugo,1.3,0,8.0,155.0,74.0,58.0,49.0,59.0,76.0,42.0,52.0,72.0,74.0,54.0,59.0,69.0,75.0,75.0,80.0,65.0,78.0,69.0,63.0,53.0
2225,C. Pizarro,39,Peru,74,SV Werder Bremen,1.6,0,4.0,182.0,83.0,62.0,78.0,76.0,75.0,73.0,76.0,74.0,78.0,38.0,65.0,75.0,64.0,50.0,78.0,70.0,68.0,81.0,78.0,81.0
2243,R. Fanni,36,France,74,Montreal Impact,0.75,0,15.0,185.0,81.0,66.0,44.0,68.0,70.0,33.0,66.0,66.0,71.0,63.0,64.0,67.0,71.0,65.0,79.0,58.0,71.0,53.0,58.0,57.0
2244,A. Diamanti,35,Italy,74,Livorno,2.6,1,23.0,155.0,74.0,76.0,60.0,54.0,79.0,74.0,80.0,71.0,82.0,68.0,74.0,81.0,50.0,65.0,61.0,78.0,60.0,76.0,76.0,70.0
2258,B. Sagna,35,France,74,Montreal Impact,1.2,0,33.0,179.0,73.0,74.0,44.0,75.0,72.0,56.0,73.0,66.0,74.0,69.0,66.0,69.0,87.0,69.0,80.0,61.0,77.0,63.0,64.0,59.0
2312,A. Boruc,38,Poland,74,Bournemouth,0.38,0,1.0,195.0,87.0,12.0,11.0,11.0,25.0,13.0,14.0,34.0,18.0,37.0,40.0,21.0,73.0,31.0,69.0,15.0,38.0,17.0,40.0,21.0
2313,C. Gordon,35,Scotland,74,Celtic,1.3,1,21.0,195.0,83.0,13.0,14.0,15.0,34.0,15.0,11.0,27.0,28.0,35.0,57.0,23.0,68.0,25.0,68.0,14.0,33.0,16.0,53.0,22.0
2315,A. Ramírez,37,Colombia,74,Atlético Nacional,1.8,0,29.0,179.0,76.0,62.0,67.0,55.0,75.0,60.0,72.0,76.0,72.0,65.0,78.0,75.0,62.0,74.0,77.0,67.0,50.0,68.0,77.0,69.0
2380,Bruno Saltor,37,Spain,74,Brighton & Hove Albion,0.65,0,2.0,155.0,76.0,75.0,33.0,64.0,77.0,55.0,69.0,72.0,78.0,57.0,66.0,65.0,56.0,55.0,66.0,46.0,74.0,58.0,68.0,45.0
2435,S. Floccari,36,Italy,74,SPAL,2.0,0,10.0,155.0,78.0,56.0,80.0,75.0,68.0,66.0,71.0,48.0,73.0,64.0,67.0,75.0,83.0,54.0,71.0,68.0,48.0,77.0,60.0,72.0
2507,O. Kucher,35,Ukraine,74,Kayserispor,1.3,0,50.0,182.0,77.0,42.0,49.0,72.0,73.0,64.0,42.0,69.0,62.0,51.0,51.0,59.0,62.0,74.0,74.0,49.0,69.0,56.0,62.0,33.0
2561,L. Grant,35,England,74,Manchester United,1.3,0,13.0,195.0,83.0,19.0,17.0,14.0,43.0,15.0,11.0,40.0,34.0,52.0,56.0,24.0,73.0,39.0,71.0,19.0,42.0,14.0,50.0,20.0
2574,Ricardo Costa,37,Portugal,74,CD Tondela,0.75,0,20.0,182.0,82.0,41.0,25.0,72.0,56.0,35.0,48.0,47.0,52.0,50.0,62.0,65.0,92.0,69.0,77.0,32.0,91.0,56.0,45.0,40.0
2619,J. Drobný,38,Czech Republic,73,SV Werder Bremen,0.27,0,33.0,195.0,89.0,13.0,14.0,12.0,35.0,19.0,15.0,33.0,22.0,35.0,37.0,22.0,50.0,23.0,66.0,15.0,26.0,8.0,21.0,24.0
2628,B. Cesar,35,Slovenia,73,Chievo Verona,0.95,1,12.0,192.0,88.0,20.0,14.0,74.0,54.0,28.0,54.0,54.0,58.0,33.0,30.0,47.0,72.0,46.0,92.0,32.0,70.0,20.0,25.0,46.0
2647,K. Nakamura,37,Japan,73,Kawasaki Frontale,1.3,0,14.0,179.0,66.0,76.0,70.0,71.0,76.0,68.0,72.0,77.0,75.0,51.0,72.0,74.0,70.0,67.0,58.0,76.0,65.0,64.0,77.0,80.0
2666,S. von Bergen,35,Switzerland,73,BSC Young Boys,0.95,0,5.0,182.0,78.0,49.0,22.0,72.0,66.0,38.0,35.0,63.0,58.0,60.0,62.0,57.0,81.0,73.0,77.0,32.0,77.0,31.0,45.0,46.0
2672,W. Hoolahan,36,Republic of Ireland,73,West Bromwich Albion,1.3,1,22.0,170.0,71.0,72.0,63.0,43.0,76.0,62.0,74.0,72.0,80.0,60.0,70.0,70.0,33.0,52.0,53.0,67.0,39.0,64.0,80.0,77.0
2706,Cifuentes,39,Spain,73,Cádiz CF,0.27,0,1.0,192.0,78.0,11.0,10.0,22.0,20.0,20.0,17.0,32.0,28.0,47.0,31.0,41.0,60.0,39.0,68.0,16.0,28.0,14.0,45.0,27.0
2714,O. Pérez,37,Argentina,73,Patriotas Boyacá FC,1.3,0,10.0,155.0,82.0,72.0,56.0,59.0,78.0,75.0,69.0,77.0,78.0,50.0,60.0,76.0,31.0,34.0,80.0,74.0,58.0,70.0,83.0,63.0
2750,J. Al Hussien,35,Syria,73,Al Taawoun,1.8,0,10.0,170.0,63.0,72.0,69.0,44.0,75.0,57.0,75.0,70.0,74.0,62.0,71.0,65.0,54.0,60.0,67.0,69.0,66.0,64.0,79.0,73.0
2817,J. Gandolfi,37,Argentina,73,Club Atlético Talleres,0.55,0,3.0,155.0,78.0,44.0,34.0,73.0,70.0,50.0,45.0,69.0,60.0,65.0,64.0,67.0,83.0,67.0,81.0,40.0,82.0,26.0,62.0,58.0
2821,S. Bertoli,40,Argentina,73,Patronato,0.27,0,1.0,185.0,81.0,12.0,19.0,10.0,23.0,9.0,14.0,24.0,20.0,24.0,38.0,25.0,62.0,19.0,60.0,10.0,33.0,7.0,39.0,72.0
2823,M. Rosenberg,35,Sweden,73,Malmö FF,1.8,0,9.0,182.0,81.0,69.0,76.0,68.0,70.0,70.0,66.0,58.0,71.0,65.0,69.0,74.0,87.0,68.0,81.0,69.0,84.0,75.0,73.0,74.0
2834,M. Stekelenburg,35,Netherlands,73,Everton,0.95,0,22.0,201.0,92.0,18.0,11.0,14.0,39.0,11.0,12.0,37.0,31.0,30.0,30.0,13.0,55.0,30.0,77.0,11.0,41.0,12.0,40.0,23.0
2842,J. Valdés,37,Chile,73,Colo-Colo,1.3,0,20.0,179.0,73.0,73.0,65.0,45.0,79.0,67.0,74.0,76.0,78.0,66.0,71.0,74.0,31.0,61.0,61.0,70.0,68.0,72.0,78.0,75.0
2940,Bracali,37,Brazil,73,Boavista FC,0.27,0,1.0,185.0,78.0,10.0,14.0,10.0,38.0,19.0,14.0,36.0,29.0,37.0,64.0,15.0,79.0,31.0,69.0,17.0,29.0,12.0,45.0,23.0
3043,Y. Ayhan,36,Turkey,73,MKE Ankaragücü,0.55,0,2.0,195.0,82.0,31.0,32.0,78.0,60.0,23.0,46.0,64.0,60.0,33.0,34.0,42.0,32.0,66.0,78.0,25.0,86.0,21.0,31.0,36.0
3046,D. Pizarro,38,Chile,73,Universidad de Chile,1.3,0,8.0,173.0,64.0,79.0,49.0,44.0,79.0,54.0,73.0,78.0,76.0,37.0,68.0,71.0,32.0,32.0,50.0,65.0,59.0,55.0,87.0,78.0
3089,N. Penneteau,37,France,73,Sporting de Charleroi,0.27,1,1.0,185.0,86.0,11.0,9.0,19.0,33.0,15.0,14.0,23.0,29.0,26.0,38.0,13.0,56.0,26.0,63.0,11.0,36.0,11.0,53.0,15.0
3096,J. Herrera,37,Chile,73,Universidad de Chile,0.27,0,25.0,182.0,87.0,15.0,12.0,14.0,22.0,18.0,18.0,30.0,16.0,57.0,32.0,24.0,72.0,28.0,59.0,12.0,44.0,14.0,60.0,60.0
3101,Shin Hwa Yong,35,Korea Republic,73,Suwon Samsung Bluewings,0.95,0,1.0,182.0,78.0,11.0,12.0,14.0,24.0,14.0,11.0,12.0,22.0,54.0,61.0,18.0,59.0,18.0,60.0,16.0,26.0,12.0,52.0,13.0
3128,D. Dainelli,39,Italy,73,Livorno,0.27,0,3.0,192.0,78.0,28.0,22.0,73.0,56.0,19.0,52.0,64.0,55.0,30.0,30.0,69.0,74.0,32.0,79.0,31.0,69.0,16.0,25.0,30.0
3142,M. Leye,35,Senegal,73,Royal Excel Mouscron,1.8,0,18.0,182.0,74.0,70.0,74.0,76.0,71.0,67.0,70.0,58.0,72.0,65.0,68.0,70.0,68.0,68.0,71.0,68.0,58.0,83.0,75.0,70.0
3169,L. Pocrnjic,36,Argentina,73,Club Atlético Aldosivi,0.55,0,1.0,192.0,86.0,14.0,12.0,16.0,16.0,11.0,10.0,19.0,13.0,28.0,41.0,10.0,32.0,28.0,52.0,10.0,28.0,11.0,60.0,24.0
3199,Edinho,35,Portugal,73,CD Feirense,1.8,0,36.0,182.0,73.0,47.0,76.0,80.0,59.0,73.0,68.0,44.0,69.0,53.0,61.0,79.0,76.0,44.0,68.0,72.0,69.0,73.0,52.0,89.0
3214,I. Damonte,36,Argentina,72,Club Atlético Huracán,0.98,0,5.0,179.0,72.0,67.0,64.0,75.0,72.0,56.0,70.0,71.0,72.0,66.0,69.0,63.0,70.0,74.0,77.0,65.0,78.0,69.0,69.0,60.0
3228,H. Droguett,35,Chile,72,CD Universidad de Concepción,1.4,1,10.0,176.0,69.0,65.0,69.0,52.0,69.0,49.0,72.0,64.0,69.0,75.0,79.0,71.0,70.0,72.0,62.0,68.0,47.0,72.0,72.0,64.0
3244,A. Cordaz,35,Italy,72,Crotone,0.73,0,1.0,188.0,83.0,12.0,10.0,16.0,12.0,10.0,18.0,17.0,20.0,25.0,28.0,15.0,32.0,16.0,54.0,15.0,22.0,8.0,34.0,16.0
3260,A. Johansson,36,Sweden,72,IFK Norrköping,0.43,0,4.0,182.0,72.0,36.0,44.0,60.0,69.0,54.0,57.0,70.0,69.0,33.0,55.0,66.0,76.0,57.0,76.0,53.0,75.0,42.0,67.0,64.0
3266,A. Malarz,38,Poland,72,Legia Warszawa,0.21,0,1.0,188.0,86.0,33.0,12.0,16.0,56.0,15.0,29.0,45.0,33.0,25.0,21.0,19.0,35.0,27.0,44.0,14.0,39.0,13.0,56.0,35.0
3275,M. Lehmann,35,Germany,72,1. FC Köln,0.73,0,33.0,155.0,74.0,64.0,58.0,64.0,72.0,56.0,61.0,69.0,69.0,34.0,63.0,72.0,75.0,70.0,71.0,67.0,75.0,58.0,68.0,76.0
3306,G. McAuley,38,Northern Ireland,72,Rangers FC,0.43,0,4.0,192.0,88.0,49.0,47.0,82.0,52.0,23.0,27.0,50.0,60.0,27.0,33.0,44.0,72.0,33.0,76.0,30.0,76.0,45.0,52.0,49.0
3322,C. Puggioni,37,Italy,72,Benevento,0.21,0,81.0,188.0,81.0,14.0,18.0,15.0,35.0,15.0,20.0,23.0,20.0,44.0,68.0,19.0,74.0,34.0,66.0,15.0,29.0,11.0,36.0,21.0
3354,D. Maietta,35,Italy,72,Empoli,0.73,0,22.0,182.0,74.0,28.0,13.0,70.0,56.0,15.0,43.0,53.0,48.0,30.0,33.0,21.0,70.0,50.0,77.0,18.0,72.0,16.0,20.0,15.0
3358,A. Walke,35,Germany,72,FC Red Bull Salzburg,0.73,0,33.0,188.0,87.0,13.0,8.0,24.0,18.0,19.0,19.0,19.0,14.0,38.0,41.0,27.0,70.0,38.0,70.0,14.0,42.0,9.0,46.0,31.0
3390,P. Crouch,37,England,72,Stoke City,1.1,0,25.0,204.0,74.0,57.0,75.0,85.0,70.0,83.0,62.0,63.0,77.0,31.0,46.0,75.0,31.0,43.0,70.0,62.0,70.0,80.0,72.0,74.0
3420,S. Pellissier,39,Italy,72,Chievo Verona,0.9,0,31.0,179.0,76.0,64.0,78.0,60.0,68.0,75.0,68.0,44.0,79.0,34.0,55.0,82.0,66.0,43.0,53.0,78.0,43.0,82.0,69.0,76.0
3464,Àngel Rangel,35,Spain,72,Queens Park Rangers,0.68,0,22.0,155.0,82.0,78.0,56.0,74.0,70.0,43.0,71.0,71.0,74.0,53.0,68.0,66.0,75.0,63.0,74.0,59.0,68.0,65.0,71.0,59.0
3471,M. Iori,36,Italy,72,Cittadella,0.98,0,4.0,182.0,72.0,63.0,56.0,65.0,76.0,65.0,62.0,75.0,72.0,71.0,65.0,68.0,59.0,79.0,76.0,71.0,72.0,58.0,76.0,74.0
3529,L. Ardente,36,Argentina,72,San Martín de San Juan,0.43,0,1.0,188.0,81.0,13.0,12.0,11.0,16.0,10.0,11.0,23.0,13.0,25.0,20.0,20.0,26.0,14.0,69.0,12.0,18.0,10.0,50.0,67.0
3537,F. Coloccini,36,Argentina,72,San Lorenzo de Almagro,0.43,0,32.0,182.0,83.0,53.0,45.0,78.0,64.0,58.0,58.0,66.0,65.0,53.0,55.0,63.0,75.0,54.0,78.0,71.0,78.0,40.0,48.0,58.0
3545,R. Gutiérrez,35,Chile,72,CD Palestino,1.4,0,22.0,155.0,76.0,37.0,77.0,75.0,56.0,59.0,65.0,50.0,72.0,66.0,65.0,68.0,81.0,63.0,74.0,63.0,77.0,78.0,58.0,78.0
3550,S. Nakamura,40,Japan,72,Júbilo Iwata,,1,10.0,155.0,71.0,80.0,65.0,28.0,78.0,78.0,70.0,77.0,76.0,32.0,75.0,79.0,64.0,45.0,65.0,77.0,30.0,68.0,74.0,83.0
3553,M. González,37,Argentina,72,Club Atlético Colón,1.0,0,15.0,179.0,79.0,75.0,71.0,62.0,72.0,65.0,75.0,68.0,75.0,64.0,73.0,78.0,61.0,66.0,70.0,77.0,77.0,69.0,73.0,60.0
3603,T. Howard,39,United States,72,Colorado Rapids,0.21,0,1.0,192.0,87.0,16.0,13.0,12.0,33.0,12.0,13.0,32.0,29.0,49.0,38.0,26.0,69.0,26.0,74.0,15.0,34.0,13.0,57.0,33.0
3613,S. Viera,35,Uruguay,72,Junior FC,0.73,0,1.0,182.0,86.0,12.0,8.0,14.0,11.0,12.0,7.0,21.0,24.0,41.0,45.0,33.0,69.0,28.0,60.0,9.0,30.0,14.0,52.0,24.0
3619,J. Mercier,38,Argentina,72,Atlético Tucumán,0.43,0,5.0,185.0,78.0,64.0,57.0,63.0,75.0,65.0,66.0,70.0,74.0,65.0,67.0,72.0,80.0,37.0,80.0,68.0,75.0,66.0,75.0,60.0
3644,David García,36,Spain,72,UD Las Palmas,0.43,0,5.0,182.0,79.0,70.0,50.0,72.0,69.0,47.0,49.0,62.0,68.0,55.0,56.0,49.0,72.0,68.0,76.0,28.0,78.0,45.0,39.0,51.0
3734,G. Barry,37,England,72,West Bromwich Albion,0.43,1,18.0,182.0,78.0,75.0,56.0,69.0,76.0,63.0,68.0,71.0,76.0,30.0,43.0,74.0,70.0,47.0,74.0,69.0,74.0,58.0,68.0,72.0
3786,P. Da Silva,38,Paraguay,72,,,0,4.0,155.0,76.0,55.0,29.0,80.0,62.0,59.0,52.0,60.0,57.0,34.0,60.0,66.0,79.0,55.0,81.0,56.0,71.0,26.0,55.0,63.0
3819,A. Al Habsi,36,Oman,72,Al Hilal,0.43,0,26.0,195.0,92.0,16.0,18.0,16.0,66.0,18.0,14.0,25.0,17.0,41.0,60.0,22.0,74.0,41.0,64.0,12.0,40.0,13.0,44.0,13.0
3861,Yeom Ki Hun,35,Korea Republic,72,Suwon Samsung Bluewings,1.4,1,26.0,182.0,78.0,74.0,70.0,68.0,73.0,69.0,71.0,71.0,72.0,67.0,69.0,74.0,67.0,70.0,77.0,71.0,57.0,75.0,77.0,72.0
3885,J. Wiland,37,Sweden,72,Hammarby IF,0.21,0,1.0,188.0,78.0,17.0,11.0,9.0,28.0,7.0,12.0,29.0,24.0,25.0,19.0,15.0,67.0,22.0,72.0,11.0,33.0,14.0,48.0,15.0
3937,R. Green,38,England,72,Chelsea,0.21,0,31.0,188.0,92.0,19.0,12.0,15.0,26.0,12.0,14.0,14.0,15.0,46.0,47.0,22.0,68.0,26.0,59.0,11.0,26.0,13.0,58.0,21.0
3971,O. Skúlason,35,Iceland,71,,,0,16.0,182.0,81.0,58.0,48.0,67.0,68.0,59.0,58.0,67.0,66.0,65.0,59.0,70.0,81.0,84.0,75.0,66.0,80.0,65.0,66.0,60.0
3976,E. Kawashima,35,Japan,71,RC Strasbourg Alsace,0.55,0,16.0,185.0,73.0,17.0,14.0,14.0,33.0,13.0,12.0,33.0,28.0,45.0,63.0,37.0,71.0,31.0,61.0,19.0,16.0,11.0,29.0,24.0
4000,O. Deschacht,37,Belgium,71,Sporting Lokeren,0.33,1,3.0,182.0,81.0,64.0,37.0,70.0,65.0,26.0,47.0,60.0,57.0,47.0,57.0,62.0,49.0,67.0,72.0,52.0,69.0,47.0,57.0,36.0
4005,J. Cavalli,36,France,71,AC Ajaccio,0.8,1,18.0,173.0,64.0,71.0,62.0,50.0,73.0,64.0,70.0,69.0,74.0,66.0,81.0,66.0,50.0,73.0,63.0,65.0,81.0,65.0,72.0,77.0
4011,M. Pavone,36,Argentina,71,Estudiantes de La Plata,0.85,0,16.0,155.0,81.0,50.0,73.0,76.0,62.0,70.0,57.0,50.0,70.0,54.0,55.0,76.0,87.0,72.0,89.0,80.0,77.0,75.0,56.0,74.0
4013,K. Beckerman,36,United States,71,Real Salt Lake,0.33,0,5.0,155.0,69.0,45.0,52.0,59.0,74.0,59.0,62.0,68.0,70.0,39.0,59.0,77.0,62.0,72.0,71.0,68.0,75.0,59.0,63.0,69.0
4014,Luis García,37,Spain,71,KAS Eupen,0.75,0,10.0,155.0,64.0,68.0,64.0,61.0,76.0,68.0,69.0,71.0,71.0,56.0,62.0,75.0,54.0,64.0,60.0,71.0,71.0,72.0,73.0,75.0
4027,S. Silva,37,Uruguay,71,Gimnasia y Esgrima La Plata,0.85,0,9.0,185.0,79.0,52.0,72.0,80.0,61.0,66.0,64.0,57.0,65.0,44.0,54.0,74.0,86.0,30.0,89.0,73.0,75.0,77.0,68.0,75.0
4045,O. Fink,36,Germany,71,Fortuna Düsseldorf,0.75,0,7.0,188.0,78.0,59.0,54.0,73.0,71.0,59.0,64.0,67.0,71.0,50.0,55.0,65.0,75.0,86.0,75.0,62.0,69.0,66.0,70.0,58.0
4056,A. Cole,37,England,71,LA Galaxy,0.27,1,3.0,179.0,66.0,71.0,40.0,61.0,70.0,57.0,70.0,70.0,72.0,65.0,74.0,66.0,73.0,66.0,66.0,48.0,77.0,65.0,70.0,58.0
4062,N. Fernández,39,Argentina,71,Unión de Santa Fe,0.16,0,1.0,198.0,84.0,20.0,12.0,23.0,15.0,11.0,19.0,22.0,15.0,42.0,58.0,23.0,58.0,37.0,78.0,10.0,36.0,12.0,27.0,24.0
4104,G. Pegolo,37,Italy,71,Sassuolo,0.16,1,79.0,182.0,76.0,13.0,18.0,15.0,35.0,16.0,11.0,21.0,20.0,44.0,50.0,23.0,70.0,33.0,54.0,12.0,33.0,12.0,33.0,13.0
4105,U. Bulut,35,Turkey,71,Kayserispor,1.1,0,9.0,182.0,74.0,58.0,72.0,75.0,57.0,65.0,64.0,51.0,63.0,52.0,38.0,77.0,63.0,69.0,73.0,70.0,64.0,77.0,59.0,68.0
4113,G. Lux,36,Argentina,71,River Plate,0.33,0,14.0,185.0,77.0,12.0,13.0,13.0,12.0,12.0,11.0,29.0,35.0,29.0,38.0,12.0,68.0,43.0,71.0,11.0,45.0,11.0,49.0,12.0
4150,A. Henríquez,35,Colombia,71,Atlético Nacional,0.55,1,12.0,195.0,93.0,17.0,30.0,76.0,58.0,23.0,27.0,64.0,43.0,30.0,32.0,57.0,32.0,32.0,90.0,32.0,78.0,23.0,39.0,49.0
4182,Adriano Facchini,35,Brazil,71,Al Batin,0.55,0,83.0,185.0,73.0,11.0,12.0,14.0,28.0,14.0,17.0,18.0,27.0,36.0,32.0,20.0,73.0,30.0,69.0,11.0,32.0,16.0,11.0,30.0
4186,Carlitos,35,Portugal,71,FC Sion,1.0,0,10.0,179.0,73.0,75.0,66.0,57.0,75.0,73.0,73.0,68.0,76.0,72.0,72.0,73.0,70.0,53.0,57.0,74.0,54.0,65.0,72.0,64.0
4187,C. Lucchetti,40,Argentina,71,Atlético Tucumán,0.16,0,1.0,182.0,68.0,23.0,13.0,23.0,34.0,18.0,24.0,32.0,35.0,40.0,44.0,40.0,62.0,35.0,55.0,16.0,45.0,16.0,51.0,54.0
4239,Zheng Zhi,37,China PR,71,Guangzhou Evergrande Taobao FC,0.33,0,10.0,155.0,74.0,63.0,60.0,64.0,71.0,64.0,70.0,68.0,77.0,64.0,73.0,68.0,55.0,32.0,66.0,66.0,85.0,65.0,76.0,68.0
4328,S. Torrico,38,Argentina,71,San Lorenzo de Almagro,0.16,0,12.0,182.0,83.0,18.0,20.0,14.0,23.0,18.0,17.0,18.0,22.0,48.0,32.0,24.0,60.0,25.0,58.0,12.0,20.0,13.0,37.0,21.0
4330,J. Plašil,36,Czech Republic,71,FC Girondins de Bordeaux,0.75,0,18.0,182.0,71.0,70.0,56.0,63.0,77.0,64.0,69.0,75.0,76.0,37.0,64.0,53.0,61.0,34.0,54.0,54.0,63.0,61.0,75.0,69.0
4340,T. Buffel,37,Belgium,71,SV Zulte-Waregem,0.8,0,7.0,179.0,69.0,72.0,68.0,51.0,72.0,68.0,70.0,68.0,72.0,62.0,65.0,64.0,58.0,66.0,59.0,66.0,65.0,80.0,76.0,73.0
4366,Bruno Alves,36,Portugal,71,Parma,0.33,0,22.0,188.0,81.0,65.0,60.0,74.0,62.0,58.0,64.0,71.0,63.0,46.0,66.0,81.0,88.0,64.0,88.0,76.0,88.0,50.0,56.0,73.0
4373,C. Araujo,36,Argentina,71,Club Atlético Huracán,0.27,0,4.0,176.0,68.0,55.0,33.0,58.0,69.0,56.0,76.0,66.0,76.0,72.0,71.0,65.0,75.0,70.0,65.0,48.0,68.0,40.0,59.0,61.0
4445,M. Gobbi,37,Italy,71,Parma,0.27,1,18.0,182.0,76.0,79.0,44.0,68.0,71.0,55.0,68.0,71.0,69.0,47.0,60.0,75.0,67.0,53.0,69.0,70.0,71.0,60.0,52.0,55.0
4451,M. Domizzi,38,Italy,71,Venezia FC,0.33,1,6.0,185.0,79.0,35.0,35.0,76.0,50.0,45.0,40.0,55.0,50.0,33.0,34.0,77.0,73.0,34.0,78.0,61.0,71.0,33.0,42.0,67.0
4454,F. Balmont,38,France,71,Dijon FCO,0.75,0,15.0,170.0,72.0,69.0,61.0,49.0,74.0,58.0,67.0,71.0,71.0,42.0,61.0,72.0,46.0,54.0,60.0,67.0,80.0,62.0,70.0,60.0
4470,Y. Endo,38,Japan,71,Gamba Osaka,0.33,0,7.0,155.0,74.0,78.0,67.0,60.0,75.0,64.0,69.0,74.0,73.0,35.0,63.0,75.0,67.0,60.0,76.0,71.0,68.0,70.0,77.0,82.0
4508,B. Leal,36,Chile,71,San Luis de Quillota,0.75,0,2.0,176.0,63.0,71.0,61.0,53.0,73.0,65.0,69.0,73.0,71.0,44.0,71.0,73.0,57.0,62.0,55.0,70.0,67.0,52.0,74.0,67.0
4544,D. Gastaldello,35,Italy,71,Brescia,0.55,0,5.0,185.0,77.0,34.0,35.0,72.0,59.0,33.0,52.0,62.0,58.0,39.0,38.0,54.0,80.0,44.0,79.0,39.0,73.0,30.0,49.0,41.0
4551,Dorado,35,Spain,71,Rayo Vallecano,0.55,1,5.0,155.0,69.0,41.0,44.0,73.0,72.0,30.0,40.0,61.0,51.0,34.0,43.0,40.0,68.0,33.0,71.0,19.0,69.0,39.0,59.0,31.0
4569,F. Erpen,35,Argentina,71,San Martín de San Juan,0.55,0,3.0,155.0,78.0,53.0,48.0,74.0,62.0,47.0,46.0,57.0,63.0,50.0,43.0,70.0,76.0,67.0,80.0,60.0,74.0,23.0,51.0,47.0
4624,J. Féret,35,France,71,AJ Auxerre,1.0,0,25.0,188.0,76.0,72.0,67.0,60.0,72.0,60.0,69.0,73.0,73.0,47.0,62.0,69.0,60.0,68.0,67.0,69.0,58.0,73.0,73.0,70.0
4627,Dorca,35,Spain,71,AD Alcorcón,0.55,1,8.0,182.0,77.0,67.0,56.0,61.0,69.0,34.0,58.0,66.0,70.0,49.0,64.0,71.0,70.0,73.0,81.0,65.0,77.0,51.0,66.0,51.0
4640,N. Rimando,39,United States,71,Real Salt Lake,0.16,0,18.0,155.0,83.0,24.0,17.0,13.0,39.0,12.0,16.0,39.0,37.0,45.0,52.0,25.0,64.0,31.0,60.0,15.0,31.0,17.0,56.0,35.0
4646,F. Cubero,39,Argentina,71,Vélez Sarsfield,0.16,0,5.0,179.0,72.0,64.0,47.0,68.0,66.0,58.0,60.0,63.0,68.0,52.0,65.0,57.0,71.0,38.0,68.0,59.0,79.0,54.0,65.0,65.0
4707,E. Conde,35,Uruguay,71,,,0,23.0,188.0,84.0,20.0,12.0,12.0,19.0,12.0,13.0,25.0,21.0,36.0,29.0,12.0,33.0,28.0,26.0,13.0,33.0,12.0,42.0,17.0
4781,L. Figueroa,35,Chile,70,CD Universidad de Concepción,0.78,0,9.0,155.0,77.0,70.0,54.0,64.0,71.0,54.0,69.0,67.0,73.0,75.0,75.0,67.0,64.0,69.0,74.0,68.0,70.0,68.0,67.0,67.0
4782,K. Stuhr-Ellegaard,35,Denmark,70,IF Elfsborg,0.43,0,1.0,198.0,92.0,12.0,12.0,13.0,40.0,13.0,14.0,35.0,25.0,37.0,31.0,23.0,54.0,30.0,77.0,14.0,36.0,14.0,50.0,14.0
4808,Braga,35,Portugal,70,CD Aves,0.75,0,8.0,155.0,74.0,72.0,64.0,54.0,75.0,74.0,72.0,72.0,75.0,48.0,62.0,82.0,56.0,54.0,72.0,77.0,67.0,71.0,72.0,74.0
4820,M. Kelemen,38,Slovakia,70,Jagiellonia Białystok,0.12,1,25.0,188.0,83.0,12.0,11.0,11.0,29.0,12.0,12.0,24.0,24.0,30.0,35.0,23.0,54.0,30.0,44.0,12.0,34.0,12.0,10.0,32.0
4833,T. Kristensen,35,Denmark,70,Brisbane Roar,0.43,0,7.0,188.0,78.0,63.0,56.0,58.0,73.0,50.0,64.0,70.0,68.0,58.0,44.0,72.0,80.0,83.0,77.0,59.0,73.0,65.0,65.0,61.0
4858,M. Matos,35,Argentina,70,Atlético Tucumán,0.83,0,18.0,155.0,86.0,47.0,69.0,78.0,64.0,65.0,57.0,51.0,66.0,50.0,56.0,71.0,88.0,53.0,75.0,71.0,46.0,78.0,49.0,75.0
4977,B. Myhill,35,Wales,70,West Bromwich Albion,0.43,0,13.0,192.0,92.0,11.0,11.0,13.0,39.0,11.0,15.0,32.0,35.0,41.0,51.0,27.0,68.0,29.0,63.0,12.0,21.0,13.0,40.0,42.0
4987,D. Damjanović,36,Montenegro,70,Suwon Samsung Bluewings,0.63,0,10.0,188.0,81.0,61.0,70.0,71.0,68.0,71.0,66.0,54.0,67.0,52.0,37.0,70.0,73.0,60.0,77.0,70.0,70.0,73.0,70.0,72.0
5013,A. Isaksson,36,Sweden,70,Djurgårdens IF,0.24,0,1.0,198.0,77.0,11.0,19.0,12.0,38.0,17.0,11.0,30.0,15.0,36.0,28.0,23.0,62.0,31.0,70.0,12.0,32.0,13.0,22.0,25.0
5018,R. Raldes,37,Bolivia,70,,,0,,155.0,78.0,25.0,36.0,72.0,56.0,19.0,41.0,33.0,57.0,47.0,59.0,74.0,58.0,53.0,75.0,47.0,74.0,26.0,48.0,77.0
5039,Javi Guerra,36,Spain,70,Rayo Vallecano,0.63,0,24.0,155.0,76.0,51.0,71.0,70.0,63.0,73.0,66.0,57.0,69.0,54.0,65.0,76.0,79.0,33.0,72.0,67.0,59.0,71.0,58.0,80.0
5040,R. Braña,39,Argentina,70,Estudiantes de La Plata,0.12,0,22.0,173.0,69.0,61.0,49.0,61.0,73.0,62.0,71.0,77.0,70.0,39.0,60.0,69.0,65.0,40.0,61.0,66.0,77.0,58.0,69.0,50.0
5067,M. Robak,35,Poland,70,Śląsk Wrocław,0.83,0,9.0,182.0,78.0,36.0,72.0,69.0,56.0,64.0,65.0,47.0,68.0,60.0,68.0,72.0,73.0,55.0,83.0,58.0,62.0,75.0,64.0,75.0
5075,J. Marveaux,35,France,70,GFC Ajaccio,0.43,0,6.0,155.0,72.0,60.0,40.0,65.0,67.0,34.0,58.0,66.0,63.0,49.0,63.0,67.0,71.0,74.0,71.0,66.0,73.0,63.0,62.0,65.0
5092,M. Wasilewski,38,Poland,70,Wisła Kraków,0.24,0,27.0,185.0,87.0,64.0,47.0,76.0,57.0,37.0,37.0,53.0,46.0,32.0,30.0,78.0,53.0,31.0,87.0,52.0,90.0,49.0,43.0,69.0
5096,N. Ibáñez,36,Argentina,70,Newell's Old Boys,0.24,0,23.0,185.0,84.0,19.0,14.0,13.0,23.0,18.0,20.0,24.0,16.0,46.0,38.0,21.0,51.0,37.0,65.0,16.0,32.0,14.0,27.0,23.0
5101,J. Gillet,39,Belgium,70,Standard de Liège,0.12,1,1.0,155.0,86.0,9.0,12.0,16.0,38.0,14.0,11.0,33.0,25.0,39.0,62.0,39.0,67.0,23.0,62.0,18.0,26.0,11.0,50.0,23.0
5166,E. Bologna,36,Argentina,70,River Plate,0.24,0,25.0,188.0,87.0,21.0,13.0,10.0,22.0,10.0,13.0,22.0,20.0,47.0,40.0,24.0,65.0,33.0,70.0,15.0,35.0,15.0,31.0,25.0
5172,Nino,38,Spain,70,Elche CF,0.63,0,7.0,173.0,68.0,59.0,76.0,52.0,68.0,59.0,66.0,49.0,69.0,62.0,72.0,61.0,71.0,55.0,59.0,69.0,60.0,84.0,65.0,75.0
5238,Momo,35,Spain,70,UD Las Palmas,0.78,1,11.0,155.0,68.0,78.0,58.0,58.0,74.0,58.0,74.0,70.0,74.0,63.0,69.0,66.0,49.0,55.0,67.0,65.0,59.0,61.0,74.0,79.0
5240,C. Bovo,35,Italy,70,Lecce,0.43,0,31.0,155.0,78.0,35.0,23.0,64.0,58.0,30.0,35.0,62.0,59.0,38.0,50.0,78.0,69.0,46.0,79.0,71.0,70.0,33.0,34.0,64.0
5319,C. Tiffert,36,Germany,70,FC Erzgebirge Aue,0.24,0,33.0,182.0,78.0,70.0,57.0,55.0,73.0,59.0,68.0,72.0,72.0,55.0,73.0,68.0,54.0,75.0,70.0,64.0,67.0,64.0,72.0,58.0
5328,G. Pinzi,37,Italy,70,Padova,0.24,0,11.0,155.0,76.0,63.0,53.0,62.0,69.0,61.0,66.0,64.0,67.0,65.0,69.0,71.0,69.0,74.0,67.0,65.0,75.0,61.0,65.0,65.0
5331,P. Toranzo,36,Argentina,70,Club Atlético Huracán,0.6,0,18.0,155.0,73.0,77.0,61.0,47.0,75.0,62.0,70.0,73.0,75.0,55.0,64.0,71.0,68.0,52.0,67.0,73.0,64.0,64.0,76.0,63.0
5352,F. Valiani,37,Italy,70,Livorno,0.58,0,7.0,176.0,69.0,65.0,61.0,43.0,71.0,53.0,69.0,69.0,69.0,75.0,80.0,73.0,56.0,89.0,78.0,71.0,67.0,69.0,67.0,57.0
5368,E. Korkmaz,35,Turkey,70,BB Erzurumspor,0.43,1,2.0,182.0,83.0,42.0,32.0,73.0,59.0,24.0,42.0,33.0,51.0,54.0,47.0,52.0,62.0,48.0,73.0,45.0,80.0,32.0,22.0,30.0
5374,M. Bodmer,35,France,70,Amiens SC,0.75,0,24.0,192.0,89.0,63.0,55.0,72.0,78.0,62.0,70.0,74.0,76.0,31.0,34.0,69.0,50.0,34.0,76.0,65.0,68.0,66.0,76.0,69.0
5388,A. Orión,37,Argentina,70,Colo-Colo,0.12,0,1.0,188.0,84.0,10.0,13.0,13.0,20.0,10.0,13.0,11.0,19.0,44.0,49.0,12.0,55.0,37.0,73.0,15.0,45.0,19.0,48.0,18.0
5413,D. Croce,35,Italy,70,US Cremonese,0.75,0,11.0,176.0,69.0,68.0,51.0,50.0,69.0,51.0,71.0,65.0,70.0,80.0,81.0,70.0,84.0,76.0,71.0,65.0,72.0,66.0,76.0,60.0
5432,K. Árnason,35,Iceland,70,,,0,14.0,192.0,82.0,48.0,43.0,68.0,59.0,43.0,49.0,62.0,53.0,30.0,34.0,70.0,80.0,55.0,84.0,53.0,78.0,41.0,60.0,52.0
5434,Borja Fernández,37,Spain,70,Real Valladolid CF,0.24,0,8.0,188.0,82.0,59.0,55.0,68.0,71.0,47.0,62.0,68.0,67.0,33.0,43.0,79.0,72.0,52.0,83.0,69.0,80.0,56.0,67.0,63.0
5482,C. Wondolowski,35,United States,70,San Jose Earthquakes,0.83,0,8.0,182.0,77.0,53.0,73.0,69.0,59.0,74.0,64.0,46.0,69.0,50.0,58.0,76.0,69.0,79.0,65.0,65.0,67.0,80.0,61.0,72.0
5483,M. Petržela,35,Czech Republic,70,Viktoria Plzeň,0.78,0,11.0,176.0,64.0,68.0,62.0,46.0,67.0,65.0,75.0,65.0,70.0,82.0,77.0,71.0,73.0,72.0,44.0,66.0,58.0,65.0,59.0,65.0
5499,H. Campagnaro,38,Argentina,70,Pescara,0.24,0,2.0,155.0,84.0,58.0,28.0,65.0,56.0,29.0,45.0,56.0,53.0,34.0,51.0,68.0,86.0,39.0,86.0,36.0,66.0,38.0,44.0,38.0
5500,F. Mancinelli,36,Argentina,70,Club Atlético Huracán,0.24,0,2.0,155.0,79.0,61.0,33.0,65.0,64.0,34.0,55.0,48.0,65.0,45.0,53.0,56.0,59.0,75.0,78.0,50.0,75.0,46.0,31.0,55.0
5515,D. Beasley,36,United States,70,Houston Dynamo,0.2,1,7.0,176.0,68.0,63.0,61.0,54.0,67.0,62.0,66.0,59.0,67.0,77.0,77.0,66.0,72.0,87.0,53.0,56.0,65.0,68.0,62.0,59.0
5573,L. Licht,37,Argentina,70,Gimnasia y Esgrima La Plata,0.2,1,25.0,179.0,72.0,80.0,52.0,53.0,52.0,48.0,76.0,71.0,69.0,73.0,71.0,71.0,71.0,69.0,64.0,68.0,65.0,53.0,64.0,84.0
5608,A. Bastía,39,Argentina,70,Club Atlético Colón,0.12,0,14.0,155.0,73.0,61.0,54.0,67.0,72.0,61.0,73.0,63.0,67.0,59.0,58.0,67.0,70.0,63.0,74.0,70.0,82.0,62.0,63.0,76.0
5710,J. Olsson,35,Sweden,69,Djurgårdens IF,0.25,1,13.0,195.0,83.0,35.0,40.0,73.0,57.0,50.0,47.0,58.0,45.0,31.0,30.0,45.0,45.0,46.0,88.0,43.0,85.0,28.0,36.0,51.0
5741,S. Roudet,37,France,69,Valenciennes FC,0.35,1,10.0,179.0,71.0,71.0,59.0,45.0,72.0,72.0,68.0,71.0,74.0,54.0,73.0,64.0,30.0,52.0,63.0,69.0,67.0,64.0,72.0,68.0
5765,R. Zwinkels,35,Netherlands,69,ADO Den Haag,0.25,0,22.0,185.0,79.0,15.0,12.0,11.0,35.0,20.0,12.0,30.0,30.0,44.0,46.0,29.0,75.0,36.0,66.0,17.0,35.0,16.0,26.0,22.0
5774,M. Brighi,37,Italy,69,Empoli,0.33,0,4.0,155.0,77.0,64.0,60.0,68.0,72.0,66.0,66.0,70.0,71.0,51.0,56.0,70.0,72.0,63.0,67.0,64.0,65.0,65.0,72.0,68.0
5807,Linares,35,Spain,69,CF Reus Deportiu,0.48,0,9.0,155.0,78.0,45.0,72.0,71.0,67.0,65.0,62.0,45.0,67.0,65.0,66.0,71.0,77.0,70.0,61.0,66.0,79.0,72.0,58.0,59.0
5841,T. Hayashi,35,Japan,69,Sanfrecce Hiroshima,0.25,0,1.0,188.0,87.0,12.0,5.0,11.0,19.0,6.0,8.0,16.0,15.0,25.0,38.0,18.0,55.0,22.0,66.0,6.0,24.0,4.0,44.0,17.0
5851,A. Rosati,35,Italy,69,Torino,0.25,0,25.0,198.0,81.0,11.0,8.0,10.0,24.0,14.0,11.0,31.0,21.0,32.0,36.0,21.0,68.0,36.0,65.0,12.0,22.0,7.0,43.0,25.0
5856,Alex Geijo,36,Spain,69,Venezia FC,0.38,0,19.0,188.0,81.0,51.0,72.0,72.0,61.0,66.0,59.0,50.0,63.0,56.0,69.0,73.0,85.0,62.0,89.0,59.0,63.0,70.0,55.0,74.0
5858,J. Carranza,37,Argentina,69,San Martin de Tucumán,0.07,0,18.0,188.0,87.0,15.0,12.0,12.0,12.0,15.0,20.0,11.0,16.0,25.0,25.0,24.0,69.0,36.0,79.0,12.0,32.0,16.0,50.0,20.0
5873,Kim Kwang Suk,35,Korea Republic,69,Pohang Steelers,0.25,0,3.0,182.0,73.0,58.0,38.0,70.0,55.0,39.0,51.0,49.0,56.0,69.0,55.0,48.0,85.0,52.0,73.0,41.0,71.0,65.0,43.0,43.0
5941,Toché,35,Spain,69,Real Oviedo,0.48,0,9.0,185.0,78.0,52.0,70.0,75.0,65.0,76.0,60.0,56.0,63.0,55.0,62.0,69.0,76.0,52.0,74.0,62.0,60.0,75.0,61.0,67.0
5950,C. Luna,36,Argentina,69,Club Atlético Tigre,0.38,0,7.0,155.0,82.0,68.0,72.0,78.0,74.0,59.0,59.0,59.0,68.0,64.0,68.0,76.0,92.0,29.0,77.0,65.0,80.0,62.0,41.0,79.0
5982,T. Kuszczak,36,Poland,69,Birmingham City,0.14,0,29.0,192.0,83.0,16.0,15.0,16.0,26.0,16.0,12.0,27.0,22.0,38.0,46.0,23.0,64.0,34.0,60.0,15.0,38.0,11.0,47.0,22.0
6004,S. Riether,35,Germany,69,FC Schalke 04,0.23,0,21.0,179.0,72.0,72.0,49.0,61.0,74.0,48.0,68.0,65.0,71.0,50.0,69.0,63.0,71.0,49.0,62.0,55.0,72.0,54.0,55.0,57.0
6015,D. Boer,37,Netherlands,69,PEC Zwolle,0.07,0,1.0,195.0,88.0,15.0,11.0,11.0,46.0,14.0,14.0,43.0,29.0,31.0,36.0,28.0,45.0,32.0,64.0,16.0,37.0,14.0,47.0,46.0
6114,V. Demarconnay,35,France,69,Paris FC,0.25,0,1.0,155.0,73.0,14.0,12.0,20.0,36.0,17.0,15.0,23.0,23.0,36.0,45.0,17.0,60.0,27.0,69.0,9.0,40.0,20.0,25.0,21.0
6166,M. Janko,35,Austria,69,FC Lugano,0.48,1,21.0,198.0,92.0,46.0,73.0,79.0,57.0,69.0,58.0,37.0,68.0,34.0,45.0,74.0,31.0,59.0,89.0,70.0,68.0,75.0,55.0,79.0
6191,D. Álvarez,36,Colombia,69,Patriotas Boyacá FC,0.38,0,17.0,176.0,69.0,47.0,68.0,73.0,61.0,50.0,67.0,54.0,70.0,64.0,69.0,68.0,72.0,30.0,77.0,64.0,65.0,72.0,65.0,70.0
6200,K. Miller,38,Scotland,69,Dundee FC,0.38,0,20.0,155.0,71.0,64.0,68.0,70.0,66.0,71.0,65.0,59.0,65.0,66.0,70.0,71.0,80.0,82.0,69.0,70.0,72.0,68.0,65.0,62.0
6205,D. De fauw,36,Belgium,69,SV Zulte-Waregem,0.12,0,2.0,185.0,68.0,76.0,39.0,78.0,70.0,29.0,59.0,71.0,68.0,42.0,60.0,72.0,46.0,77.0,62.0,68.0,68.0,58.0,68.0,78.0
6210,J. O'Shea,37,Republic of Ireland,69,Reading,0.14,0,4.0,192.0,83.0,53.0,29.0,72.0,60.0,32.0,46.0,57.0,60.0,29.0,49.0,49.0,57.0,30.0,77.0,23.0,64.0,32.0,55.0,47.0
6270,Y. Okubo,36,Japan,69,Júbilo Iwata,0.38,0,22.0,173.0,73.0,53.0,69.0,66.0,65.0,72.0,67.0,60.0,70.0,39.0,74.0,74.0,40.0,55.0,65.0,67.0,59.0,78.0,65.0,77.0
6293,B. Kısa,35,Turkey,69,Akhisar Belediyespor,0.45,1,5.0,155.0,69.0,79.0,67.0,42.0,74.0,57.0,72.0,76.0,71.0,52.0,63.0,81.0,61.0,54.0,55.0,77.0,54.0,60.0,75.0,74.0
6296,F. Oreja,36,Argentina,69,Gimnasia y Esgrima La Plata,0.12,0,4.0,170.0,68.0,69.0,27.0,45.0,64.0,28.0,53.0,62.0,61.0,74.0,73.0,56.0,79.0,40.0,65.0,53.0,79.0,63.0,60.0,47.0
6398,R. Zapata,39,Colombia,69,Independiente Santa Fe,0.07,0,1.0,182.0,84.0,13.0,12.0,14.0,22.0,8.0,16.0,21.0,21.0,45.0,46.0,57.0,58.0,20.0,70.0,18.0,41.0,11.0,48.0,50.0
6425,J. Rojas,35,Chile,69,San Luis de Quillota,0.25,1,13.0,179.0,74.0,61.0,29.0,68.0,69.0,63.0,54.0,66.0,62.0,62.0,61.0,60.0,71.0,75.0,71.0,42.0,63.0,41.0,54.0,53.0
6462,C. Salcido,38,Mexico,69,Guadalajara,0.14,0,3.0,179.0,79.0,70.0,45.0,67.0,70.0,50.0,62.0,68.0,65.0,34.0,57.0,72.0,74.0,66.0,79.0,69.0,81.0,60.0,61.0,62.0
6469,P. Calandria,36,Argentina,69,CD O'Higgins,0.38,0,9.0,182.0,79.0,57.0,74.0,77.0,68.0,53.0,59.0,54.0,65.0,39.0,58.0,69.0,56.0,52.0,80.0,65.0,45.0,69.0,55.0,77.0
6522,R. Millar,36,Chile,69,Monarcas Morelia,0.33,0,20.0,182.0,76.0,70.0,65.0,60.0,71.0,68.0,69.0,70.0,70.0,55.0,64.0,69.0,73.0,58.0,78.0,64.0,61.0,66.0,72.0,80.0
6556,M. Riquero,35,Uruguay,69,Club Deportes Temuco,0.25,0,13.0,155.0,76.0,63.0,53.0,76.0,74.0,49.0,48.0,65.0,63.0,33.0,48.0,61.0,80.0,72.0,74.0,60.0,70.0,60.0,59.0,49.0
6579,G. Machín,35,Argentina,69,Argentinos Juniors,0.45,0,8.0,176.0,68.0,67.0,52.0,66.0,73.0,69.0,70.0,67.0,71.0,70.0,64.0,57.0,71.0,69.0,68.0,62.0,60.0,64.0,70.0,78.0
6596,K. Ziani,35,Algeria,69,US Orléans Loiret Football,0.45,0,10.0,173.0,66.0,65.0,60.0,54.0,72.0,66.0,71.0,66.0,70.0,68.0,85.0,70.0,74.0,70.0,41.0,65.0,68.0,69.0,72.0,68.0
6638,P. Lugüercio,36,Argentina,68,Estudiantes de La Plata,0.3,0,17.0,155.0,78.0,59.0,63.0,64.0,62.0,60.0,67.0,58.0,67.0,74.0,73.0,70.0,65.0,68.0,66.0,63.0,73.0,69.0,67.0,68.0
6645,M. Pedersen,36,Norway,68,Tromsø IL,0.28,1,7.0,182.0,73.0,72.0,64.0,52.0,72.0,64.0,64.0,68.0,68.0,41.0,68.0,70.0,69.0,49.0,64.0,66.0,63.0,66.0,75.0,67.0
6653,C. Canío,37,Chile,68,Club Deportes Temuco,0.3,0,7.0,179.0,74.0,57.0,65.0,47.0,73.0,53.0,70.0,66.0,70.0,43.0,69.0,64.0,60.0,63.0,65.0,66.0,46.0,70.0,70.0,66.0
6684,D. González,35,Colombia,68,Independiente Medellín,0.21,0,22.0,195.0,83.0,12.0,12.0,11.0,23.0,13.0,11.0,22.0,25.0,34.0,44.0,20.0,62.0,26.0,72.0,12.0,44.0,15.0,34.0,15.0
6729,F. Harek,35,Algeria,68,Nîmes Olympique,0.21,1,21.0,179.0,64.0,68.0,28.0,65.0,61.0,43.0,51.0,63.0,62.0,50.0,52.0,45.0,68.0,63.0,63.0,41.0,74.0,46.0,57.0,40.0
6814,C. Rodríguez,36,Argentina,68,Club Atlético Colón,0.1,0,3.0,170.0,64.0,71.0,58.0,42.0,67.0,53.0,64.0,62.0,67.0,76.0,71.0,65.0,87.0,74.0,68.0,51.0,72.0,60.0,64.0,48.0
6861,J. Speroni,39,Argentina,68,Crystal Palace,0.06,0,1.0,185.0,79.0,13.0,13.0,11.0,38.0,12.0,12.0,28.0,26.0,42.0,46.0,20.0,72.0,33.0,43.0,12.0,21.0,8.0,34.0,22.0
6876,D. Murphy,35,Republic of Ireland,68,Nottingham Forest,0.4,1,9.0,192.0,87.0,60.0,70.0,73.0,59.0,66.0,61.0,55.0,64.0,36.0,46.0,76.0,65.0,52.0,85.0,66.0,78.0,72.0,58.0,77.0
6891,P. Sammarco,35,Italy,68,Frosinone,0.38,0,21.0,182.0,74.0,60.0,45.0,58.0,69.0,55.0,66.0,71.0,69.0,62.0,70.0,68.0,72.0,63.0,69.0,70.0,56.0,63.0,65.0,55.0
6952,Eduardo da Silva,35,Croatia,68,Legia Warszawa,0.4,1,9.0,155.0,72.0,64.0,69.0,71.0,68.0,67.0,69.0,58.0,71.0,69.0,74.0,65.0,69.0,53.0,67.0,64.0,20.0,68.0,68.0,75.0
7039,Lee Dong Gook,39,Korea Republic,68,Jeonbuk Hyundai Motors,0.26,0,20.0,188.0,83.0,65.0,74.0,67.0,57.0,83.0,58.0,58.0,64.0,33.0,29.0,68.0,74.0,38.0,67.0,67.0,44.0,75.0,67.0,86.0
7079,A. Pomini,37,Italy,68,Palermo,0.06,0,22.0,185.0,79.0,14.0,10.0,13.0,30.0,11.0,12.0,36.0,21.0,41.0,49.0,21.0,60.0,28.0,69.0,11.0,38.0,10.0,31.0,23.0
7097,S. Camara,35,Senegal,68,Montpellier HSC,0.4,0,19.0,179.0,74.0,72.0,68.0,70.0,70.0,74.0,67.0,63.0,72.0,50.0,68.0,75.0,71.0,34.0,60.0,73.0,65.0,70.0,67.0,70.0
7129,Rafinha,36,Brazil,68,HJK Helsinki,0.1,0,8.0,182.0,78.0,69.0,57.0,62.0,67.0,54.0,64.0,65.0,66.0,61.0,60.0,71.0,64.0,63.0,68.0,61.0,71.0,63.0,59.0,48.0
7159,A. Acevedo,35,Chile,68,CD O'Higgins,0.21,0,3.0,179.0,73.0,27.0,26.0,75.0,52.0,24.0,28.0,45.0,40.0,40.0,51.0,38.0,76.0,68.0,72.0,24.0,69.0,32.0,39.0,38.0
7183,E. Pogatetz,35,Austria,68,LASK Linz,0.21,1,4.0,192.0,89.0,33.0,26.0,65.0,66.0,24.0,29.0,49.0,38.0,33.0,32.0,48.0,60.0,61.0,91.0,36.0,81.0,43.0,23.0,45.0
7212,S. Andersen,36,Denmark,68,FC København,0.12,0,1.0,188.0,82.0,20.0,15.0,12.0,43.0,22.0,16.0,47.0,28.0,37.0,56.0,26.0,61.0,35.0,70.0,17.0,30.0,15.0,58.0,20.0
7221,H. Sogahata,38,Japan,68,Kashima Antlers,0.06,0,21.0,188.0,79.0,13.0,12.0,18.0,26.0,18.0,14.0,33.0,16.0,17.0,28.0,21.0,52.0,37.0,51.0,15.0,21.0,10.0,45.0,12.0
7249,S. MacLean,35,Scotland,68,Heart of Midlothian,0.4,0,18.0,155.0,78.0,44.0,67.0,76.0,66.0,55.0,64.0,51.0,67.0,55.0,76.0,68.0,92.0,84.0,74.0,56.0,68.0,69.0,68.0,69.0
7339,M. Wölfli,35,Switzerland,68,BSC Young Boys,0.21,0,1.0,185.0,87.0,12.0,13.0,13.0,13.0,14.0,11.0,12.0,12.0,37.0,46.0,13.0,66.0,24.0,59.0,12.0,36.0,16.0,50.0,11.0
7427,José Juan,39,Spain,68,Elche CF,0.06,1,1.0,182.0,82.0,20.0,11.0,15.0,43.0,14.0,21.0,46.0,25.0,46.0,59.0,25.0,71.0,42.0,62.0,20.0,34.0,12.0,33.0,15.0
7468,C. Esquivel,36,Mexico,68,Tiburones Rojos de Veracruz,0.3,0,7.0,176.0,67.0,68.0,64.0,55.0,68.0,60.0,67.0,62.0,66.0,73.0,77.0,70.0,80.0,74.0,65.0,68.0,47.0,60.0,60.0,65.0
7674,Deng Xiaofei,35,China PR,67,Chongqing Dangdai Lifan FC SWM Team,0.18,0,1.0,185.0,79.0,12.0,6.0,8.0,7.0,6.0,6.0,12.0,11.0,39.0,39.0,14.0,36.0,34.0,27.0,10.0,35.0,13.0,33.0,13.0
7724,F. Rodríguez,36,Mexico,67,Lobos BUAP,0.1,0,3.0,192.0,89.0,34.0,37.0,68.0,60.0,29.0,37.0,50.0,44.0,35.0,30.0,61.0,60.0,38.0,90.0,46.0,78.0,43.0,48.0,52.0
7757,Y. Konno,35,Japan,67,Gamba Osaka,0.18,0,15.0,155.0,73.0,57.0,53.0,70.0,75.0,39.0,46.0,69.0,57.0,34.0,58.0,46.0,67.0,51.0,71.0,59.0,70.0,44.0,67.0,29.0
7850,R. Naranjo,38,Chile,67,Deportes Iquique,0.05,0,1.0,195.0,86.0,14.0,16.0,14.0,31.0,13.0,11.0,25.0,20.0,36.0,35.0,16.0,66.0,25.0,79.0,11.0,20.0,18.0,41.0,21.0
7858,H. Sato,36,Japan,67,Nagoya Grampus,0.27,1,11.0,173.0,71.0,49.0,70.0,67.0,53.0,81.0,62.0,51.0,64.0,38.0,75.0,74.0,84.0,39.0,65.0,71.0,44.0,78.0,44.0,67.0
7904,L. Załuska,36,Poland,67,Pogoń Szczecin,0.1,0,1.0,192.0,87.0,33.0,18.0,14.0,42.0,12.0,29.0,38.0,23.0,54.0,43.0,19.0,77.0,28.0,72.0,15.0,22.0,15.0,19.0,45.0
7907,Y. Abe,36,Japan,67,Urawa Red Diamonds,0.1,0,22.0,155.0,77.0,71.0,67.0,62.0,73.0,69.0,60.0,70.0,72.0,56.0,62.0,66.0,64.0,58.0,61.0,72.0,62.0,47.0,67.0,70.0
7917,G. Munari,35,Italy,67,Parma,0.33,0,11.0,192.0,83.0,69.0,61.0,74.0,68.0,71.0,62.0,65.0,66.0,37.0,72.0,74.0,76.0,68.0,89.0,74.0,77.0,65.0,66.0,46.0
7999,K. Arkivuo,35,Finland,67,BK Häcken,0.16,0,15.0,179.0,72.0,70.0,40.0,41.0,59.0,54.0,64.0,58.0,65.0,74.0,80.0,70.0,83.0,79.0,68.0,59.0,81.0,49.0,58.0,52.0
8012,S. Kulovits,35,Austria,67,SV Sandhausen,0.18,0,31.0,155.0,69.0,48.0,51.0,58.0,62.0,43.0,58.0,53.0,64.0,57.0,76.0,61.0,77.0,80.0,60.0,65.0,83.0,37.0,51.0,47.0
8037,R. Vera,35,Argentina,67,Patronato,0.18,0,33.0,182.0,86.0,48.0,30.0,65.0,59.0,38.0,39.0,58.0,56.0,38.0,35.0,74.0,59.0,60.0,84.0,59.0,78.0,31.0,26.0,70.0
8051,G. O'Neil,35,England,67,Bolton Wanderers,0.18,0,19.0,176.0,60.0,68.0,62.0,54.0,71.0,65.0,65.0,68.0,70.0,52.0,62.0,66.0,67.0,46.0,66.0,67.0,75.0,58.0,70.0,64.0
8055,M. Hernández,35,Mexico,67,Tiburones Rojos de Veracruz,0.18,0,13.0,182.0,82.0,13.0,14.0,12.0,21.0,20.0,14.0,22.0,20.0,22.0,55.0,23.0,68.0,35.0,66.0,14.0,13.0,17.0,31.0,23.0
8075,Serginho,35,Portugal,67,Santa Clara,0.18,0,1.0,192.0,83.0,9.0,13.0,10.0,32.0,16.0,17.0,25.0,33.0,20.0,54.0,43.0,66.0,40.0,72.0,12.0,40.0,12.0,48.0,26.0
8092,F. Crivelli,36,Argentina,67,Club Atlético Tigre,0.1,0,12.0,185.0,83.0,13.0,12.0,17.0,18.0,11.0,15.0,21.0,14.0,48.0,54.0,19.0,61.0,36.0,72.0,16.0,19.0,13.0,29.0,22.0
8122,Camacho,37,Spain,67,SD Huesca,0.26,1,10.0,155.0,74.0,72.0,66.0,68.0,72.0,57.0,63.0,71.0,70.0,40.0,42.0,75.0,43.0,34.0,69.0,70.0,65.0,69.0,73.0,86.0
8160,M. Gilks,36,Scotland,67,Scunthorpe United,0.1,0,1.0,185.0,81.0,20.0,11.0,11.0,28.0,18.0,12.0,35.0,21.0,44.0,47.0,20.0,57.0,27.0,54.0,13.0,30.0,11.0,37.0,24.0
8225,Accioly,37,Brazil,67,Santa Clara,0.1,0,4.0,188.0,82.0,26.0,41.0,66.0,57.0,26.0,38.0,26.0,47.0,31.0,45.0,38.0,68.0,52.0,74.0,20.0,66.0,35.0,31.0,48.0
8281,D. Perkins,36,England,67,Rochdale,0.24,1,17.0,170.0,76.0,53.0,43.0,49.0,70.0,30.0,59.0,64.0,67.0,62.0,76.0,65.0,80.0,69.0,63.0,62.0,77.0,60.0,68.0,56.0
8352,G. Villagra,36,Chile,67,CD Antofagasta,0.24,0,4.0,179.0,67.0,62.0,37.0,54.0,72.0,45.0,48.0,68.0,70.0,49.0,55.0,58.0,51.0,69.0,67.0,49.0,75.0,53.0,73.0,47.0
8403,K. Begois,36,Belgium,67,FC Groningen,0.1,0,16.0,185.0,78.0,12.0,13.0,14.0,17.0,14.0,16.0,30.0,33.0,43.0,61.0,35.0,70.0,31.0,72.0,13.0,33.0,12.0,26.0,14.0
8415,C. Espinosa,35,Chile,67,Curicó Unido,0.33,1,14.0,176.0,69.0,47.0,51.0,32.0,74.0,65.0,66.0,73.0,70.0,61.0,59.0,59.0,38.0,33.0,45.0,69.0,43.0,53.0,75.0,68.0
8472,J. Thomsen,36,Denmark,67,Randers FC,0.09,0,4.0,155.0,76.0,66.0,28.0,43.0,65.0,50.0,53.0,62.0,63.0,58.0,62.0,67.0,86.0,69.0,71.0,55.0,77.0,58.0,56.0,41.0
8500,K. Henry,35,England,67,Bradford City,0.18,0,48.0,185.0,79.0,62.0,51.0,57.0,64.0,46.0,61.0,62.0,65.0,50.0,50.0,70.0,72.0,60.0,79.0,64.0,82.0,57.0,56.0,45.0
8507,L. Belingheri,35,Italy,67,Padova,0.33,0,25.0,182.0,69.0,67.0,52.0,47.0,71.0,59.0,67.0,67.0,71.0,68.0,77.0,63.0,58.0,70.0,68.0,65.0,55.0,58.0,66.0,66.0
8532,I. Pallas,35,Uruguay,67,Puebla FC,0.18,0,26.0,192.0,87.0,49.0,37.0,72.0,62.0,27.0,24.0,57.0,48.0,61.0,63.0,61.0,72.0,67.0,75.0,27.0,77.0,34.0,56.0,37.0
8635,S. Ishizaki,36,Sweden,67,IF Elfsborg,0.24,0,24.0,155.0,81.0,72.0,59.0,48.0,69.0,66.0,68.0,71.0,70.0,64.0,73.0,66.0,60.0,61.0,69.0,68.0,43.0,66.0,69.0,68.0
8656,J. Coppinger,37,England,67,Doncaster Rovers,0.26,0,26.0,173.0,64.0,68.0,61.0,55.0,67.0,58.0,65.0,66.0,73.0,56.0,68.0,67.0,85.0,67.0,59.0,65.0,45.0,61.0,68.0,61.0
8661,L. Delgado,37,Colombia,67,Atlético Bucaramanga,0.05,0,31.0,188.0,69.0,14.0,19.0,16.0,25.0,19.0,13.0,17.0,20.0,42.0,50.0,24.0,59.0,24.0,40.0,15.0,18.0,17.0,35.0,22.0
8665,J. De la Cuesta,35,Colombia,67,Deportivo Pasto,0.18,0,2.0,182.0,73.0,45.0,33.0,73.0,58.0,53.0,49.0,61.0,50.0,58.0,46.0,63.0,73.0,57.0,72.0,49.0,65.0,46.0,42.0,38.0
8686,T. Hysén,36,Sweden,67,IFK Göteborg,0.27,1,7.0,155.0,83.0,61.0,66.0,62.0,61.0,64.0,59.0,51.0,61.0,71.0,65.0,65.0,81.0,62.0,69.0,63.0,62.0,76.0,63.0,53.0
8724,M. Figueroa,35,Honduras,67,FC Dallas,0.16,1,31.0,155.0,84.0,62.0,49.0,70.0,66.0,57.0,63.0,63.0,61.0,63.0,62.0,81.0,70.0,69.0,76.0,67.0,71.0,42.0,55.0,64.0
8729,N. Ramos,36,Colombia,67,Atlético Bucaramanga,0.1,1,1.0,188.0,83.0,45.0,12.0,17.0,21.0,14.0,16.0,21.0,16.0,16.0,19.0,51.0,38.0,34.0,30.0,12.0,30.0,13.0,36.0,46.0
8741,F. Telechea,36,Argentina,67,Club Atlético Aldosivi,0.27,0,9.0,155.0,78.0,62.0,64.0,70.0,64.0,67.0,67.0,60.0,68.0,63.0,67.0,70.0,87.0,38.0,73.0,62.0,70.0,65.0,66.0,70.0
8746,C. Del Grosso,35,Italy,67,Pescara,0.16,1,3.0,173.0,66.0,73.0,38.0,56.0,67.0,33.0,61.0,68.0,66.0,76.0,73.0,63.0,65.0,48.0,56.0,51.0,68.0,61.0,48.0,42.0
8761,D. Braaten,36,Norway,67,SK Brann,0.26,0,25.0,182.0,93.0,67.0,62.0,64.0,68.0,68.0,70.0,63.0,71.0,63.0,66.0,75.0,69.0,49.0,88.0,63.0,72.0,68.0,68.0,49.0
8768,Kwak Tae Hwi,36,Korea Republic,66,FC Seoul,0.09,0,55.0,188.0,84.0,23.0,34.0,67.0,60.0,47.0,25.0,55.0,55.0,39.0,33.0,66.0,78.0,32.0,84.0,41.0,73.0,35.0,37.0,65.0
8778,M. Gelabert,36,Argentina,66,San Martín de San Juan,0.2,0,5.0,179.0,72.0,52.0,48.0,56.0,67.0,47.0,66.0,65.0,74.0,47.0,63.0,59.0,63.0,36.0,72.0,56.0,75.0,55.0,73.0,63.0
8805,Íñigo López,35,Spain,66,Extremadura UD,0.15,0,24.0,185.0,72.0,37.0,27.0,78.0,59.0,30.0,46.0,57.0,55.0,29.0,58.0,32.0,76.0,45.0,75.0,26.0,70.0,41.0,34.0,39.0
8818,B. Santalab,35,Australia,66,Perth Glory,0.3,0,11.0,176.0,72.0,44.0,72.0,50.0,54.0,69.0,62.0,35.0,61.0,66.0,66.0,77.0,87.0,56.0,73.0,68.0,91.0,68.0,42.0,60.0
8878,L. Varney,35,England,66,Cheltenham Town,0.3,0,32.0,155.0,69.0,65.0,64.0,74.0,55.0,54.0,60.0,52.0,62.0,70.0,76.0,68.0,90.0,53.0,70.0,66.0,64.0,64.0,57.0,61.0
8892,A. Mintzel,36,Germany,66,SV Wehen Wiesbaden,0.07,1,23.0,155.0,78.0,70.0,49.0,54.0,65.0,52.0,63.0,65.0,68.0,56.0,62.0,68.0,57.0,73.0,73.0,53.0,61.0,60.0,64.0,51.0
8912,S. Ağçay,36,Turkey,66,MKE Ankaragücü,0.09,0,3.0,179.0,72.0,53.0,62.0,57.0,66.0,56.0,64.0,60.0,64.0,52.0,53.0,69.0,70.0,49.0,74.0,67.0,88.0,48.0,53.0,52.0
8947,A. Angoula,37,France,66,La Berrichonne de Châteauroux,0.09,0,25.0,182.0,82.0,41.0,32.0,66.0,61.0,20.0,38.0,60.0,63.0,47.0,60.0,21.0,75.0,30.0,81.0,40.0,71.0,29.0,45.0,31.0
9001,R. Clark,35,United States,66,Columbus Crew SC,0.15,0,2.0,155.0,74.0,49.0,57.0,69.0,70.0,59.0,60.0,60.0,65.0,61.0,63.0,77.0,74.0,73.0,72.0,64.0,75.0,63.0,57.0,63.0
9092,N. Douchez,38,France,66,Red Star FC,0.04,0,16.0,185.0,84.0,18.0,10.0,13.0,31.0,12.0,11.0,35.0,20.0,39.0,32.0,17.0,59.0,32.0,59.0,12.0,44.0,15.0,33.0,12.0
9113,D. Bičík,37,Czech Republic,66,Sparta Praha,0.04,0,35.0,195.0,91.0,21.0,12.0,12.0,24.0,11.0,14.0,22.0,19.0,28.0,18.0,23.0,27.0,22.0,44.0,13.0,27.0,11.0,26.0,20.0
9179,Xisco Campos,36,Spain,66,RCD Mallorca,0.07,0,5.0,155.0,73.0,57.0,31.0,65.0,63.0,37.0,34.0,53.0,58.0,70.0,69.0,54.0,75.0,62.0,71.0,33.0,72.0,30.0,42.0,46.0
9183,A. Vanins,38,Latvia,66,FC Zürich,0.04,0,1.0,185.0,84.0,15.0,14.0,12.0,22.0,13.0,13.0,18.0,14.0,36.0,31.0,26.0,72.0,35.0,65.0,14.0,29.0,13.0,60.0,23.0
9221,P. Brożek,35,Poland,66,Wisła Kraków,0.3,0,23.0,155.0,72.0,58.0,68.0,66.0,65.0,64.0,61.0,49.0,63.0,38.0,64.0,67.0,72.0,32.0,82.0,62.0,58.0,71.0,67.0,71.0
9276,Magno Novaes,35,Brazil,66,AS Béziers,0.15,0,1.0,182.0,84.0,11.0,12.0,10.0,23.0,19.0,13.0,24.0,23.0,40.0,50.0,40.0,58.0,34.0,63.0,17.0,40.0,14.0,30.0,23.0
9292,J. Blayac,35,France,66,GFC Ajaccio,0.3,0,13.0,188.0,79.0,42.0,67.0,72.0,64.0,53.0,63.0,49.0,66.0,54.0,66.0,64.0,55.0,63.0,79.0,54.0,51.0,68.0,58.0,62.0
9331,D. Rangelov,35,Bulgaria,66,FC Energie Cottbus,0.3,0,38.0,182.0,79.0,54.0,67.0,66.0,63.0,59.0,65.0,49.0,66.0,53.0,69.0,65.0,84.0,55.0,74.0,61.0,67.0,70.0,60.0,70.0
9388,K. Tamada,38,Japan,66,Nagoya Grampus,0.22,1,28.0,176.0,67.0,59.0,67.0,60.0,65.0,63.0,66.0,62.0,70.0,65.0,72.0,68.0,62.0,60.0,59.0,65.0,67.0,63.0,71.0,68.0
9402,D. de Vries,37,Netherlands,66,Celtic,0.04,0,24.0,192.0,96.0,13.0,11.0,11.0,34.0,11.0,14.0,33.0,23.0,33.0,29.0,22.0,69.0,30.0,71.0,12.0,32.0,15.0,60.0,12.0
9412,L. Guldan,35,Slovakia,66,Zagłębie Lubin,0.15,0,33.0,182.0,82.0,56.0,20.0,69.0,62.0,17.0,45.0,59.0,59.0,38.0,56.0,39.0,74.0,71.0,72.0,42.0,68.0,58.0,47.0,31.0
9427,D. Vaughan,35,Wales,66,Notts County,0.15,1,8.0,170.0,69.0,64.0,59.0,58.0,72.0,57.0,62.0,68.0,68.0,33.0,60.0,70.0,60.0,50.0,58.0,66.0,74.0,55.0,64.0,66.0
9462,Kim Yong Dae,38,Korea Republic,66,Ulsan Hyundai FC,0.04,0,1.0,188.0,81.0,13.0,11.0,14.0,36.0,14.0,11.0,32.0,24.0,50.0,52.0,23.0,67.0,22.0,70.0,12.0,21.0,12.0,58.0,19.0
9482,M. Galmarini,36,Argentina,66,Club Atlético Tigre,0.07,0,8.0,155.0,77.0,68.0,56.0,60.0,67.0,56.0,67.0,66.0,70.0,76.0,68.0,67.0,69.0,73.0,72.0,57.0,80.0,63.0,68.0,61.0
9484,B. Castillo,40,Colombia,66,Atlético Huila,0.04,0,1.0,185.0,86.0,12.0,10.0,20.0,25.0,12.0,16.0,21.0,23.0,34.0,37.0,25.0,42.0,30.0,60.0,9.0,23.0,13.0,45.0,24.0
9492,M. Doyle,36,Republic of Ireland,66,Coventry City,0.09,1,8.0,155.0,71.0,58.0,47.0,58.0,64.0,52.0,52.0,62.0,53.0,41.0,59.0,63.0,74.0,83.0,74.0,62.0,90.0,57.0,56.0,54.0
9501,A. Akinfenwa,36,England,66,Wycombe Wanderers,0.23,0,20.0,155.0,110.0,39.0,66.0,71.0,59.0,59.0,52.0,47.0,69.0,38.0,35.0,70.0,49.0,77.0,97.0,54.0,66.0,71.0,62.0,66.0
9570,M. Al Shalhoub,37,Saudi Arabia,66,Al Hilal,0.22,1,10.0,164.0,66.0,73.0,62.0,44.0,73.0,62.0,64.0,72.0,67.0,33.0,62.0,67.0,60.0,30.0,35.0,64.0,31.0,66.0,71.0,75.0
9580,Cho Won Hee,35,Korea Republic,66,Suwon Samsung Bluewings,0.15,0,8.0,155.0,72.0,56.0,58.0,63.0,65.0,59.0,63.0,57.0,63.0,69.0,62.0,65.0,71.0,62.0,77.0,53.0,60.0,59.0,60.0,45.0
9643,T. Mears,35,England,66,West Bromwich Albion,0.14,0,12.0,155.0,73.0,69.0,41.0,55.0,65.0,53.0,64.0,65.0,64.0,66.0,66.0,63.0,57.0,64.0,70.0,55.0,70.0,60.0,59.0,46.0
9689,L. Michel,38,Mexico,66,Club Tijuana,0.04,0,29.0,182.0,73.0,18.0,13.0,14.0,29.0,14.0,14.0,31.0,23.0,50.0,70.0,23.0,70.0,21.0,65.0,13.0,26.0,17.0,42.0,21.0
9703,M. Mikić,38,Croatia,66,Shonan Bellmare,0.22,0,41.0,155.0,68.0,70.0,49.0,39.0,68.0,55.0,71.0,65.0,67.0,63.0,74.0,64.0,48.0,54.0,61.0,59.0,55.0,65.0,67.0,59.0
9722,A. Hadouir,35,Netherlands,66,Excelsior,0.28,0,7.0,176.0,68.0,70.0,60.0,38.0,64.0,69.0,69.0,59.0,70.0,71.0,70.0,69.0,59.0,33.0,50.0,68.0,62.0,64.0,65.0,58.0
9730,Nelson Ferreira,36,Portugal,66,FC Thun,0.22,0,21.0,179.0,72.0,70.0,61.0,45.0,64.0,61.0,61.0,60.0,63.0,65.0,82.0,71.0,76.0,64.0,62.0,66.0,75.0,72.0,63.0,73.0
9738,M. Restrepo,37,Colombia,66,Once Caldas,0.09,0,20.0,179.0,69.0,56.0,40.0,49.0,69.0,40.0,65.0,66.0,64.0,56.0,69.0,47.0,70.0,57.0,71.0,52.0,61.0,59.0,59.0,51.0
9743,R. Cierzniak,35,Poland,66,Legia Warszawa,0.15,0,33.0,188.0,81.0,12.0,13.0,17.0,41.0,8.0,30.0,35.0,22.0,36.0,58.0,22.0,64.0,28.0,56.0,14.0,33.0,15.0,44.0,22.0
9771,F. Torres,35,Mexico,66,Lobos BUAP,0.27,0,28.0,173.0,69.0,60.0,56.0,55.0,70.0,59.0,64.0,66.0,66.0,61.0,85.0,72.0,81.0,65.0,67.0,67.0,54.0,57.0,66.0,66.0
9868,A. Balijon,35,France,66,Le Havre AC,0.15,0,50.0,182.0,79.0,10.0,10.0,14.0,26.0,10.0,11.0,24.0,18.0,34.0,43.0,19.0,51.0,30.0,59.0,11.0,23.0,9.0,27.0,13.0
9922,D. Sjölund,35,Finland,66,IFK Norrköping,0.27,1,20.0,155.0,79.0,61.0,54.0,39.0,67.0,59.0,58.0,64.0,63.0,30.0,60.0,64.0,68.0,71.0,70.0,62.0,82.0,61.0,71.0,59.0
9972,D. Forde,38,Republic of Ireland,65,Cambridge United,0.04,0,1.0,188.0,89.0,19.0,12.0,20.0,29.0,20.0,19.0,33.0,21.0,45.0,33.0,23.0,68.0,38.0,71.0,12.0,29.0,15.0,33.0,22.0
9979,O. Rojas,36,Mexico,65,Lobos BUAP,0.06,0,12.0,176.0,67.0,64.0,29.0,64.0,64.0,48.0,61.0,62.0,62.0,66.0,67.0,67.0,70.0,67.0,66.0,64.0,50.0,33.0,64.0,65.0
9986,A. Mannus,36,Northern Ireland,65,Shamrock Rovers,0.07,0,1.0,188.0,92.0,13.0,11.0,11.0,11.0,14.0,13.0,30.0,22.0,32.0,41.0,21.0,56.0,30.0,64.0,12.0,34.0,19.0,47.0,17.0
10082,D. Ovono,35,Gabon,65,Paris FC,0.13,0,30.0,185.0,86.0,12.0,12.0,20.0,27.0,14.0,14.0,24.0,20.0,53.0,48.0,22.0,66.0,24.0,71.0,12.0,35.0,15.0,37.0,14.0
10089,M. Pascali,36,Italy,65,Cosenza,0.07,0,29.0,188.0,83.0,50.0,44.0,68.0,58.0,42.0,44.0,55.0,60.0,37.0,65.0,57.0,64.0,80.0,81.0,58.0,82.0,41.0,43.0,28.0
10090,L. Dyer,35,England,65,Bolton Wanderers,0.24,1,22.0,176.0,69.0,62.0,51.0,37.0,65.0,45.0,65.0,63.0,63.0,83.0,80.0,61.0,63.0,64.0,69.0,50.0,40.0,67.0,50.0,50.0
10103,M. Tacalfred,37,France,65,AJ Auxerre,0.07,0,20.0,179.0,78.0,60.0,21.0,63.0,66.0,40.0,51.0,60.0,57.0,35.0,43.0,65.0,74.0,52.0,71.0,53.0,69.0,37.0,44.0,47.0
10185,R. Grzyb,35,Poland,65,Jagiellonia Białystok,0.13,0,22.0,179.0,74.0,64.0,38.0,56.0,63.0,58.0,61.0,62.0,62.0,50.0,62.0,68.0,67.0,55.0,65.0,66.0,70.0,64.0,58.0,52.0
10189,A. Hughes,38,Northern Ireland,65,Heart of Midlothian,0.07,0,16.0,182.0,69.0,46.0,34.0,69.0,52.0,33.0,43.0,47.0,39.0,22.0,43.0,48.0,58.0,55.0,77.0,26.0,66.0,29.0,41.0,45.0
10210,M. Solís,35,Colombia,65,Independiente Santa Fe,0.13,0,18.0,185.0,83.0,10.0,5.0,13.0,27.0,9.0,13.0,17.0,17.0,26.0,29.0,21.0,62.0,28.0,59.0,8.0,21.0,8.0,27.0,15.0
10213,Zhang Lie,36,China PR,65,Beijing Renhe FC,0.07,0,12.0,192.0,84.0,20.0,16.0,19.0,21.0,16.0,17.0,21.0,24.0,36.0,36.0,20.0,32.0,38.0,45.0,11.0,25.0,15.0,54.0,22.0
10248,E. Hajri,35,Tunisia,65,MSV Duisburg,0.12,0,3.0,188.0,73.0,61.0,52.0,64.0,62.0,42.0,62.0,60.0,61.0,63.0,59.0,57.0,70.0,70.0,78.0,45.0,80.0,55.0,57.0,59.0
10253,C. Giraldo,38,Colombia,65,Deportivo Pasto,0.07,0,8.0,155.0,78.0,48.0,53.0,44.0,63.0,47.0,53.0,58.0,63.0,37.0,56.0,65.0,49.0,49.0,82.0,65.0,65.0,56.0,53.0,59.0
10288,L. Miller,35,Scotland,65,Livingston FC,0.25,0,18.0,188.0,77.0,58.0,62.0,70.0,63.0,63.0,60.0,56.0,63.0,53.0,55.0,68.0,83.0,70.0,83.0,64.0,74.0,58.0,64.0,71.0
10356,F. Kippe,40,Norway,65,Lillestrøm SK,,1,13.0,195.0,97.0,33.0,46.0,70.0,56.0,43.0,24.0,55.0,49.0,24.0,27.0,70.0,44.0,41.0,93.0,52.0,76.0,40.0,49.0,62.0
10487,M. Caranta,39,Argentina,65,Club Atlético Talleres,0.04,0,1.0,182.0,77.0,12.0,12.0,12.0,20.0,12.0,10.0,22.0,14.0,45.0,49.0,20.0,74.0,38.0,66.0,13.0,32.0,13.0,48.0,23.0
10534,M. Ogasawara,39,Japan,65,Kashima Antlers,0.04,0,40.0,176.0,72.0,63.0,40.0,51.0,69.0,50.0,60.0,68.0,70.0,32.0,57.0,64.0,58.0,45.0,55.0,61.0,74.0,56.0,60.0,66.0
10548,J. Bothroyd,36,England,65,Hokkaido Consadole Sapporo,0.19,1,48.0,192.0,88.0,61.0,69.0,74.0,65.0,68.0,65.0,51.0,70.0,26.0,37.0,72.0,55.0,52.0,82.0,61.0,67.0,57.0,58.0,65.0
10629,P. Nymann,35,Denmark,65,AC Horsens,0.12,0,11.0,155.0,74.0,63.0,53.0,48.0,63.0,50.0,62.0,58.0,63.0,71.0,64.0,62.0,61.0,71.0,66.0,53.0,65.0,52.0,60.0,55.0
10667,J. Cano,35,Colombia,65,La Equidad,0.12,0,20.0,179.0,73.0,65.0,25.0,49.0,66.0,27.0,58.0,46.0,60.0,65.0,66.0,40.0,63.0,66.0,62.0,37.0,62.0,57.0,42.0,57.0
10753,B. Körk,38,Turkey,65,Akhisar Belediyespor,0.04,0,35.0,188.0,73.0,15.0,14.0,12.0,18.0,13.0,13.0,11.0,12.0,54.0,41.0,16.0,57.0,34.0,50.0,11.0,40.0,13.0,33.0,21.0
10756,L. Giovini,36,Argentina,65,Unión La Calera,0.07,0,1.0,192.0,73.0,25.0,15.0,12.0,20.0,19.0,25.0,21.0,16.0,50.0,45.0,22.0,73.0,32.0,71.0,20.0,37.0,17.0,39.0,25.0
10779,R. König,35,Germany,65,FSV Zwickau,0.25,1,15.0,192.0,92.0,48.0,72.0,80.0,46.0,65.0,38.0,38.0,63.0,32.0,38.0,70.0,43.0,48.0,93.0,66.0,61.0,71.0,58.0,60.0
10808,Yang Zhi,35,China PR,65,Beijing Sinobo Guoan FC,0.13,0,22.0,185.0,78.0,20.0,11.0,25.0,14.0,11.0,11.0,17.0,20.0,42.0,67.0,11.0,74.0,38.0,68.0,12.0,42.0,13.0,62.0,22.0
10811,F. Silva,35,Uruguay,65,Curicó Unido,0.13,0,5.0,182.0,73.0,35.0,45.0,69.0,69.0,34.0,39.0,62.0,53.0,40.0,46.0,46.0,57.0,53.0,82.0,43.0,76.0,32.0,49.0,30.0
10818,K. Bakırcıoğlu,37,Sweden,65,Hammarby IF,0.17,0,10.0,155.0,77.0,72.0,55.0,39.0,67.0,65.0,66.0,64.0,68.0,50.0,57.0,71.0,49.0,53.0,66.0,70.0,48.0,62.0,73.0,65.0
10878,K. Risgård,35,Denmark,65,Aalborg BK,0.23,0,21.0,182.0,78.0,56.0,63.0,61.0,68.0,45.0,61.0,65.0,65.0,52.0,61.0,69.0,66.0,61.0,72.0,65.0,67.0,67.0,65.0,62.0
10897,H. Opdal,36,Norway,65,IK Start,0.07,0,1.0,188.0,92.0,17.0,13.0,14.0,38.0,17.0,10.0,35.0,18.0,44.0,37.0,21.0,63.0,27.0,65.0,13.0,37.0,12.0,59.0,21.0
10902,Sui Donglu,35,China PR,65,Chongqing Dangdai Lifan FC SWM Team,0.13,0,21.0,195.0,87.0,47.0,58.0,67.0,57.0,33.0,60.0,52.0,61.0,33.0,56.0,48.0,33.0,40.0,83.0,49.0,62.0,63.0,60.0,38.0
10933,M. McKay,35,Australia,65,Brisbane Roar,0.13,1,17.0,173.0,64.0,63.0,55.0,35.0,70.0,57.0,62.0,63.0,65.0,59.0,74.0,55.0,71.0,83.0,59.0,52.0,61.0,63.0,66.0,60.0
11035,R. Steer,36,Colombia,64,Once Caldas,0.16,0,18.0,182.0,78.0,47.0,64.0,71.0,62.0,59.0,59.0,43.0,57.0,61.0,51.0,62.0,69.0,67.0,80.0,61.0,43.0,60.0,52.0,69.0
11066,Wang Yun,35,China PR,64,Shanghai Greenland Shenhua FC,0.19,0,20.0,179.0,74.0,70.0,61.0,36.0,73.0,59.0,63.0,68.0,73.0,60.0,63.0,61.0,65.0,59.0,58.0,55.0,52.0,60.0,62.0,71.0
11072,A. Nef,36,Switzerland,64,FC Zürich,0.06,0,13.0,192.0,87.0,43.0,19.0,76.0,45.0,22.0,20.0,47.0,40.0,30.0,31.0,46.0,76.0,31.0,83.0,33.0,61.0,38.0,30.0,45.0
11083,T. Berni,35,Italy,64,Inter,0.11,0,46.0,185.0,79.0,11.0,15.0,10.0,28.0,13.0,8.0,27.0,15.0,29.0,37.0,16.0,43.0,26.0,43.0,16.0,25.0,10.0,28.0,20.0
11085,T. Gebauer,36,Austria,64,LASK Linz,0.06,0,36.0,195.0,87.0,15.0,8.0,14.0,23.0,14.0,13.0,24.0,23.0,49.0,41.0,22.0,71.0,39.0,71.0,15.0,37.0,9.0,12.0,22.0
11125,J. Szmatuła,37,Poland,64,Piast Gliwice,0.03,0,1.0,188.0,81.0,9.0,14.0,14.0,21.0,12.0,13.0,13.0,17.0,30.0,39.0,24.0,50.0,21.0,64.0,9.0,38.0,16.0,47.0,14.0
11127,M. Perdijić,36,Croatia,64,Zagłębie Sosnowiec,0.06,0,23.0,198.0,93.0,17.0,11.0,20.0,33.0,11.0,11.0,32.0,24.0,42.0,52.0,20.0,68.0,38.0,61.0,16.0,30.0,13.0,18.0,27.0
11161,E. Galekovic,37,Australia,64,Melbourne City FC,0.03,0,18.0,188.0,91.0,14.0,15.0,12.0,35.0,15.0,21.0,35.0,24.0,38.0,35.0,18.0,68.0,34.0,60.0,15.0,31.0,15.0,47.0,21.0
11216,J. Aigner,37,Austria,64,SCR Altach,0.16,0,25.0,185.0,81.0,48.0,68.0,69.0,57.0,62.0,51.0,43.0,61.0,38.0,60.0,70.0,66.0,33.0,77.0,58.0,73.0,69.0,58.0,70.0
11240,Cho Sung Hwan,36,Korea Republic,64,Jeonbuk Hyundai Motors,0.06,0,16.0,182.0,78.0,26.0,44.0,74.0,56.0,38.0,24.0,55.0,43.0,32.0,39.0,57.0,80.0,33.0,76.0,48.0,84.0,23.0,68.0,40.0
11379,P. Heerwagen,35,Germany,64,FC Ingolstadt 04,0.11,0,1.0,195.0,88.0,11.0,13.0,13.0,25.0,15.0,14.0,25.0,23.0,33.0,30.0,22.0,63.0,22.0,69.0,11.0,34.0,12.0,32.0,21.0
11384,N. Tyson,36,England,64,Wycombe Wanderers,0.15,1,23.0,182.0,63.0,62.0,61.0,56.0,61.0,55.0,62.0,58.0,61.0,87.0,66.0,63.0,61.0,75.0,64.0,55.0,59.0,61.0,58.0,59.0
11456,D. Konstantopoulos,39,Greece,64,Middlesbrough,0.03,1,1.0,195.0,89.0,10.0,10.0,13.0,34.0,19.0,10.0,12.0,23.0,31.0,41.0,22.0,52.0,20.0,52.0,12.0,12.0,10.0,31.0,18.0
11499,F. Hurtado,35,Chile,64,CD Antofagasta,0.11,1,12.0,188.0,89.0,19.0,19.0,12.0,29.0,13.0,13.0,19.0,11.0,46.0,39.0,17.0,72.0,27.0,53.0,14.0,20.0,11.0,30.0,18.0
11532,B. Murphy,35,Republic of Ireland,64,Cardiff City,0.11,0,28.0,182.0,83.0,15.0,12.0,13.0,22.0,13.0,11.0,16.0,24.0,34.0,47.0,21.0,58.0,32.0,41.0,14.0,32.0,15.0,24.0,24.0
11537,M. Cortés,35,Argentina,64,Curicó Unido,0.19,1,17.0,167.0,63.0,72.0,58.0,45.0,73.0,71.0,65.0,59.0,75.0,59.0,52.0,61.0,34.0,33.0,53.0,62.0,48.0,63.0,68.0,59.0
11600,Du Wei,36,China PR,64,Guizhou Hengfeng FC,0.06,0,35.0,188.0,81.0,39.0,46.0,70.0,68.0,44.0,49.0,64.0,56.0,44.0,39.0,60.0,66.0,34.0,76.0,51.0,57.0,12.0,57.0,26.0
11620,B. Vandenbussche,36,Belgium,64,KSV Cercle Brugge,0.06,1,25.0,198.0,92.0,11.0,13.0,14.0,33.0,14.0,18.0,34.0,25.0,23.0,27.0,12.0,37.0,12.0,73.0,12.0,37.0,11.0,56.0,26.0
11648,N. Bishop,36,England,64,Mansfield Town,0.14,0,6.0,185.0,81.0,44.0,58.0,60.0,65.0,46.0,56.0,63.0,63.0,59.0,65.0,57.0,77.0,82.0,72.0,58.0,80.0,57.0,58.0,47.0
11749,D. Collins,37,Wales,64,Grimsby Town,0.06,1,6.0,182.0,76.0,52.0,31.0,66.0,52.0,28.0,41.0,64.0,53.0,30.0,67.0,38.0,89.0,30.0,74.0,37.0,70.0,32.0,46.0,30.0
11821,E. Hernández,35,Mexico,64,Club Atlas,0.11,0,23.0,185.0,83.0,15.0,17.0,14.0,27.0,11.0,18.0,27.0,23.0,57.0,65.0,23.0,70.0,28.0,69.0,16.0,29.0,11.0,37.0,24.0
11825,P. Clarke,36,England,64,Oldham Athletic,0.06,0,26.0,182.0,83.0,25.0,32.0,66.0,50.0,13.0,35.0,48.0,44.0,32.0,49.0,50.0,71.0,62.0,80.0,43.0,69.0,43.0,56.0,37.0
11942,M. Stoll,35,Germany,64,Karlsruher SC,0.11,0,4.0,188.0,79.0,32.0,40.0,67.0,51.0,31.0,39.0,49.0,56.0,37.0,50.0,44.0,52.0,31.0,75.0,43.0,60.0,37.0,42.0,29.0
12113,A. Durante,36,New Zealand,63,Wellington Phoenix,0.05,0,22.0,182.0,74.0,32.0,34.0,61.0,53.0,34.0,45.0,55.0,51.0,34.0,52.0,32.0,67.0,61.0,83.0,47.0,65.0,29.0,42.0,36.0
12131,R. Maeda,36,Japan,63,FC Tokyo,0.13,0,20.0,182.0,78.0,51.0,62.0,69.0,67.0,60.0,59.0,61.0,64.0,33.0,59.0,66.0,68.0,48.0,65.0,63.0,63.0,68.0,61.0,66.0
12148,M. Richards,35,England,63,Swindon Town,0.17,0,9.0,155.0,81.0,42.0,63.0,65.0,58.0,61.0,58.0,43.0,60.0,53.0,59.0,72.0,79.0,68.0,79.0,55.0,54.0,69.0,60.0,69.0
12187,D. Djulbic,35,Australia,63,Perth Glory,0.09,0,66.0,195.0,89.0,21.0,39.0,66.0,41.0,28.0,25.0,44.0,40.0,30.0,33.0,59.0,59.0,56.0,90.0,29.0,84.0,26.0,35.0,39.0
12190,A. Wilbraham,38,England,63,Rochdale,0.13,0,18.0,192.0,72.0,49.0,62.0,75.0,68.0,56.0,49.0,41.0,63.0,35.0,35.0,60.0,66.0,34.0,82.0,47.0,83.0,69.0,68.0,68.0
12200,B. Roche,36,Republic of Ireland,63,Morecambe,0.05,0,1.0,195.0,89.0,11.0,11.0,26.0,33.0,14.0,10.0,27.0,28.0,21.0,40.0,22.0,56.0,19.0,74.0,12.0,33.0,10.0,32.0,13.0
12208,P. Green,35,Republic of Ireland,63,Crewe Alexandra,0.15,0,17.0,173.0,77.0,61.0,52.0,56.0,64.0,52.0,57.0,63.0,62.0,58.0,70.0,62.0,76.0,79.0,66.0,58.0,72.0,54.0,63.0,63.0
12210,J. Mucha,35,Slovakia,63,Hamilton Academical FC,0.09,0,24.0,188.0,87.0,15.0,13.0,13.0,20.0,12.0,12.0,29.0,22.0,33.0,48.0,14.0,66.0,32.0,62.0,11.0,23.0,15.0,40.0,32.0
12287,M. Peškovič,36,Slovakia,63,Cracovia,0.05,1,40.0,188.0,87.0,18.0,11.0,11.0,30.0,11.0,27.0,20.0,22.0,32.0,30.0,45.0,52.0,23.0,50.0,11.0,18.0,11.0,50.0,23.0
12289,F. Salinas,36,Chile,63,Unión La Calera,0.05,0,4.0,188.0,83.0,21.0,24.0,65.0,46.0,27.0,24.0,46.0,49.0,38.0,51.0,53.0,73.0,65.0,78.0,24.0,62.0,26.0,29.0,33.0
12314,E. González,36,Colombia,63,Jaguares de Córdoba,0.04,1,5.0,179.0,68.0,65.0,34.0,57.0,64.0,23.0,61.0,58.0,65.0,52.0,61.0,22.0,71.0,55.0,64.0,23.0,72.0,51.0,47.0,36.0
12328,M. Aceval,35,Chile,63,Club Deportes Temuco,0.08,1,24.0,182.0,87.0,64.0,39.0,60.0,68.0,29.0,51.0,60.0,68.0,41.0,31.0,77.0,70.0,65.0,77.0,60.0,62.0,35.0,38.0,75.0
12408,T. Zwarthoed,35,Netherlands,63,NAC Breda,0.09,0,16.0,188.0,88.0,10.0,4.0,6.0,19.0,10.0,13.0,28.0,20.0,34.0,38.0,30.0,60.0,26.0,57.0,8.0,35.0,14.0,36.0,9.0
12451,O. Storflor,38,Norway,63,Ranheim Fotball,0.12,0,10.0,155.0,74.0,71.0,54.0,58.0,67.0,55.0,61.0,64.0,67.0,60.0,57.0,68.0,60.0,49.0,63.0,57.0,44.0,67.0,66.0,54.0
12453,W. Díaz,40,Colombia,63,Jaguares de Córdoba,,0,18.0,155.0,76.0,56.0,19.0,71.0,47.0,24.0,38.0,32.0,45.0,32.0,52.0,40.0,83.0,31.0,72.0,17.0,72.0,30.0,29.0,35.0
12506,Zhang Xiaofei,35,China PR,63,Changchun Yatai FC,0.08,1,33.0,155.0,73.0,62.0,49.0,68.0,65.0,56.0,57.0,64.0,67.0,56.0,42.0,48.0,49.0,49.0,78.0,52.0,57.0,31.0,52.0,43.0
12524,Li Shuai,35,China PR,63,Shanghai Greenland Shenhua FC,0.09,0,27.0,195.0,87.0,22.0,11.0,5.0,24.0,8.0,6.0,33.0,14.0,30.0,32.0,9.0,58.0,44.0,45.0,12.0,25.0,12.0,47.0,23.0
12544,G. Moss,35,New Zealand,63,Newcastle Jets,0.09,0,1.0,188.0,89.0,14.0,11.0,19.0,24.0,17.0,22.0,23.0,12.0,36.0,42.0,16.0,70.0,28.0,69.0,11.0,26.0,10.0,30.0,15.0
12570,J. Quiroga,36,Argentina,63,Belgrano de Córdoba,0.04,1,29.0,155.0,78.0,58.0,39.0,63.0,56.0,53.0,44.0,53.0,57.0,58.0,61.0,55.0,76.0,63.0,73.0,66.0,75.0,55.0,61.0,53.0
12621,Wu Qing,36,China PR,63,Chongqing Dangdai Lifan FC SWM Team,0.12,1,11.0,173.0,69.0,69.0,63.0,58.0,69.0,54.0,67.0,71.0,66.0,46.0,45.0,68.0,86.0,36.0,67.0,54.0,67.0,66.0,64.0,47.0
12637,W. Łobodziński,35,Poland,63,Miedź Legnica,0.16,0,4.0,188.0,79.0,67.0,59.0,63.0,66.0,63.0,64.0,59.0,70.0,60.0,67.0,62.0,57.0,41.0,73.0,61.0,43.0,65.0,58.0,53.0
12690,M. Moström,35,Sweden,63,Molde FK,0.16,0,9.0,155.0,68.0,64.0,55.0,42.0,58.0,57.0,60.0,49.0,57.0,70.0,78.0,59.0,37.0,72.0,53.0,49.0,51.0,66.0,64.0,43.0
12778,P. Gori,38,Italy,63,Benevento,0.02,0,22.0,188.0,83.0,12.0,19.0,14.0,36.0,16.0,16.0,28.0,24.0,35.0,52.0,36.0,51.0,41.0,54.0,17.0,44.0,16.0,43.0,17.0
12822,N. Danns,35,Guyana,63,Bury,0.15,0,31.0,179.0,78.0,67.0,60.0,55.0,61.0,65.0,60.0,60.0,62.0,60.0,69.0,62.0,67.0,71.0,66.0,64.0,72.0,68.0,63.0,63.0
12841,M. Ratajczak,36,Germany,63,SC Paderborn 07,0.05,0,1.0,188.0,84.0,15.0,12.0,20.0,24.0,12.0,13.0,23.0,22.0,40.0,38.0,23.0,64.0,30.0,71.0,13.0,37.0,14.0,28.0,22.0
12860,T. Kruse,35,Germany,63,FC Energie Cottbus,0.09,1,20.0,185.0,74.0,39.0,35.0,66.0,52.0,28.0,32.0,49.0,37.0,33.0,30.0,55.0,55.0,69.0,79.0,40.0,80.0,44.0,55.0,50.0
12896,A. Chambers,37,England,63,Walsall,0.12,0,7.0,155.0,71.0,49.0,37.0,61.0,65.0,43.0,55.0,61.0,64.0,55.0,60.0,60.0,73.0,85.0,78.0,44.0,78.0,42.0,59.0,47.0
12921,Choi Jae Soo,35,Korea Republic,63,Gyeongnam FC,0.08,1,6.0,179.0,68.0,67.0,59.0,66.0,73.0,42.0,66.0,61.0,63.0,68.0,64.0,46.0,77.0,53.0,54.0,62.0,67.0,61.0,65.0,67.0
12927,G. Rogers,36,Republic of Ireland,63,Dundalk,0.05,0,1.0,188.0,87.0,13.0,19.0,14.0,36.0,12.0,14.0,23.0,10.0,29.0,41.0,22.0,56.0,26.0,56.0,11.0,34.0,13.0,52.0,19.0
13028,Bae Ki Jong,35,Korea Republic,63,Gyeongnam FC,0.16,0,7.0,155.0,74.0,65.0,64.0,61.0,61.0,63.0,63.0,57.0,66.0,67.0,44.0,66.0,71.0,54.0,68.0,58.0,64.0,60.0,62.0,68.0
13036,S. Bywater,37,England,63,Burton Albion,0.02,0,1.0,185.0,81.0,19.0,12.0,11.0,27.0,12.0,14.0,20.0,21.0,55.0,58.0,25.0,68.0,33.0,70.0,14.0,35.0,14.0,18.0,22.0
13055,M. McNulty,37,Republic of Ireland,63,Cork City,0.02,0,1.0,185.0,73.0,16.0,12.0,12.0,36.0,14.0,12.0,23.0,23.0,37.0,48.0,21.0,43.0,33.0,49.0,15.0,37.0,12.0,33.0,22.0
13056,L. Corti,37,Argentina,63,San Martín de San Juan,0.02,0,12.0,155.0,77.0,19.0,10.0,20.0,13.0,13.0,11.0,15.0,13.0,21.0,25.0,22.0,37.0,16.0,50.0,10.0,24.0,11.0,26.0,21.0
13105,S. Nelson,36,England,62,Yeovil Town,0.04,0,1.0,188.0,83.0,17.0,13.0,17.0,23.0,15.0,17.0,31.0,23.0,37.0,40.0,11.0,65.0,32.0,56.0,20.0,28.0,8.0,37.0,12.0
13229,L. Sapela,35,Poland,62,Miedź Legnica,0.07,1,1.0,185.0,81.0,12.0,14.0,14.0,38.0,13.0,15.0,31.0,23.0,34.0,33.0,23.0,58.0,20.0,43.0,15.0,28.0,13.0,35.0,25.0
13238,J. Stead,35,England,62,Notts County,0.14,0,,0.0,0.0,,,,,,,,,,,,,,,,,,,
13268,L. Garguła,37,Poland,62,Miedź Legnica,0.1,0,,0.0,0.0,,,,,,,,,,,,,,,,,,,
13301,M. Taylor,36,England,62,Swindon Town,0.03,1,31.0,,,70.0,50.0,62.0,65.0,65.0,61.0,67.0,67.0,40.0,56.0,77.0,79.0,72.0,70.0,61.0,76.0,62.0,71.0,67.0
13368,Cao Yang,36,China PR,62,Tianjin TEDA FC,0.04,1,26.0,,,57.0,57.0,65.0,62.0,55.0,54.0,60.0,61.0,46.0,35.0,58.0,63.0,54.0,65.0,60.0,64.0,58.0,54.0,63.0
13408,F. Baise,38,Hong Kong,62,Guizhou Hengfeng FC,0.04,0,3.0,,,41.0,51.0,51.0,54.0,43.0,56.0,51.0,62.0,36.0,36.0,75.0,87.0,33.0,60.0,67.0,70.0,30.0,38.0,51.0
13426,Du Zhenyu,35,China PR,62,Changchun Yatai FC,0.13,1,8.0,,,65.0,60.0,52.0,65.0,58.0,63.0,64.0,63.0,58.0,41.0,63.0,79.0,37.0,55.0,59.0,67.0,64.0,67.0,62.0
13534,Sui Weijie,35,China PR,62,Chongqing Dangdai Lifan FC SWM Team,0.07,0,17.0,,,14.0,14.0,17.0,40.0,15.0,15.0,38.0,17.0,32.0,62.0,16.0,57.0,28.0,62.0,14.0,35.0,17.0,57.0,12.0
13690,M. Rose,35,England,62,Macclesfield Town,0.07,1,24.0,,,66.0,44.0,55.0,58.0,59.0,54.0,67.0,62.0,59.0,66.0,65.0,73.0,70.0,75.0,65.0,65.0,60.0,63.0,66.0
13724,C. Woodman,35,England,62,Exeter City,0.07,1,3.0,,,60.0,34.0,56.0,62.0,51.0,61.0,61.0,62.0,61.0,63.0,57.0,76.0,73.0,66.0,50.0,63.0,59.0,59.0,40.0
13736,J. Campbell-Ryce,35,Jamaica,62,Stevenage,0.13,0,20.0,,,60.0,52.0,36.0,55.0,56.0,61.0,50.0,61.0,74.0,77.0,57.0,88.0,65.0,59.0,49.0,55.0,58.0,61.0,55.0
13746,J. Murphy,36,Republic of Ireland,62,Bury,0.04,1,1.0,,,11.0,14.0,13.0,33.0,13.0,11.0,35.0,33.0,34.0,38.0,30.0,51.0,32.0,55.0,18.0,31.0,7.0,46.0,16.0
13877,L. Reddy,36,Australia,62,Perth Glory,0.04,0,33.0,,,10.0,10.0,10.0,17.0,10.0,10.0,18.0,19.0,48.0,45.0,24.0,45.0,39.0,69.0,10.0,44.0,8.0,35.0,21.0
14023,F. Al Shammari,37,Saudi Arabia,61,Al Fayha,0.02,0,22.0,,,17.0,13.0,13.0,22.0,13.0,16.0,18.0,15.0,31.0,26.0,22.0,34.0,34.0,36.0,18.0,27.0,10.0,54.0,22.0
14117,D. Orlishausen,35,Germany,61,FC Hansa Rostock,0.06,0,28.0,,,11.0,6.0,8.0,24.0,11.0,11.0,23.0,19.0,33.0,35.0,18.0,57.0,36.0,72.0,13.0,36.0,9.0,33.0,22.0
14118,D. Whitaker,37,England,61,Macclesfield Town,0.08,0,23.0,,,52.0,58.0,49.0,64.0,57.0,56.0,57.0,65.0,59.0,74.0,64.0,70.0,66.0,65.0,63.0,48.0,50.0,71.0,63.0
14129,Y. Nakazawa,40,Japan,61,Yokohama F. Marinos,,0,22.0,,,44.0,40.0,67.0,62.0,40.0,40.0,59.0,63.0,29.0,28.0,59.0,42.0,28.0,55.0,21.0,69.0,21.0,66.0,31.0
14131,J. Ibehre,35,England,61,Cambridge United,0.12,0,14.0,,,48.0,56.0,59.0,58.0,53.0,59.0,47.0,59.0,62.0,47.0,60.0,65.0,80.0,90.0,51.0,60.0,60.0,55.0,56.0
14239,A. Egholm,35,Denmark,61,SønderjyskE,0.06,0,12.0,,,23.0,22.0,61.0,36.0,20.0,19.0,40.0,52.0,34.0,50.0,41.0,50.0,48.0,83.0,14.0,69.0,42.0,39.0,22.0
14311,Y. Gutiérrez,37,Mexico,61,Club Necaxa,0.02,0,25.0,,,12.0,13.0,13.0,30.0,14.0,14.0,28.0,25.0,44.0,39.0,23.0,67.0,30.0,66.0,18.0,29.0,14.0,30.0,23.0
14387,A. Bennett,36,Republic of Ireland,61,Cork City,0.03,0,3.0,,,19.0,22.0,59.0,42.0,25.0,19.0,31.0,41.0,27.0,25.0,43.0,30.0,27.0,86.0,19.0,72.0,26.0,31.0,21.0
14551,A. Karadas,36,Norway,61,SK Brann,0.09,0,18.0,,,54.0,54.0,79.0,62.0,67.0,51.0,55.0,58.0,38.0,55.0,74.0,74.0,32.0,86.0,45.0,76.0,57.0,50.0,56.0
14748,Y. Ota,35,Japan,60,Júbilo Iwata,0.09,0,9.0,,,65.0,52.0,47.0,64.0,59.0,61.0,61.0,62.0,34.0,61.0,62.0,56.0,50.0,62.0,60.0,48.0,67.0,65.0,55.0
14759,Yang Jun,37,China PR,60,Tianjin Quanjian FC,0.01,0,22.0,,,25.0,6.0,9.0,12.0,6.0,7.0,16.0,25.0,37.0,34.0,7.0,69.0,23.0,69.0,6.0,28.0,18.0,32.0,18.0
14822,T. Moniwa,36,Japan,60,Cerezo Osaka,0.03,0,3.0,,,60.0,57.0,65.0,64.0,26.0,54.0,63.0,62.0,41.0,33.0,58.0,60.0,50.0,59.0,23.0,62.0,43.0,62.0,46.0
14858,M. Tonge,35,England,60,Port Vale,0.09,0,18.0,,,63.0,53.0,49.0,62.0,46.0,54.0,61.0,63.0,43.0,56.0,64.0,52.0,40.0,55.0,59.0,53.0,56.0,62.0,60.0
14863,A. Kay,35,England,60,Port Vale,0.05,0,6.0,,,34.0,51.0,62.0,63.0,53.0,46.0,59.0,59.0,31.0,55.0,61.0,73.0,62.0,69.0,55.0,48.0,44.0,53.0,54.0
14920,D. Bulman,39,England,60,Crawley Town,0.05,0,21.0,,,45.0,33.0,52.0,65.0,37.0,55.0,62.0,65.0,46.0,38.0,60.0,75.0,79.0,72.0,54.0,77.0,49.0,45.0,38.0
15025,D. Pugh,35,England,60,Port Vale,0.09,1,16.0,,,61.0,50.0,61.0,61.0,50.0,51.0,63.0,59.0,49.0,59.0,62.0,69.0,63.0,64.0,55.0,72.0,54.0,60.0,44.0
15133,M. Gurski,39,Germany,60,SpVgg Unterhaching,0.01,0,34.0,,,12.0,10.0,10.0,22.0,10.0,9.0,25.0,15.0,24.0,31.0,36.0,54.0,29.0,75.0,9.0,37.0,9.0,39.0,12.0
15144,G. Thompson,37,England,60,Morecambe,0.07,0,7.0,,,62.0,56.0,59.0,62.0,57.0,60.0,60.0,53.0,65.0,62.0,65.0,71.0,58.0,75.0,35.0,46.0,57.0,59.0,54.0
15390,T. Enomoto,35,Japan,59,Urawa Red Diamonds,0.04,0,25.0,,,14.0,7.0,10.0,21.0,7.0,14.0,15.0,18.0,29.0,24.0,18.0,57.0,18.0,44.0,5.0,22.0,7.0,24.0,12.0
15479,M. Sawa,35,Japan,59,Kashiwa Reysol,0.07,0,30.0,,,32.0,60.0,57.0,53.0,61.0,58.0,40.0,52.0,55.0,55.0,63.0,65.0,51.0,64.0,59.0,60.0,59.0,39.0,61.0
15508,S. Shearer,37,Scotland,59,Oxford United,0.01,1,13.0,,,15.0,14.0,17.0,28.0,11.0,12.0,25.0,23.0,37.0,42.0,24.0,61.0,31.0,63.0,11.0,32.0,16.0,40.0,24.0
15524,L. Kryger,35,Denmark,59,AC Horsens,0.07,0,10.0,,,59.0,58.0,63.0,60.0,58.0,58.0,57.0,62.0,48.0,64.0,61.0,76.0,48.0,66.0,54.0,60.0,62.0,55.0,51.0
15568,M. Flynn,37,Wales,59,Newport County,0.05,0,23.0,,,51.0,51.0,58.0,67.0,45.0,52.0,60.0,58.0,35.0,34.0,67.0,68.0,40.0,74.0,59.0,64.0,50.0,64.0,67.0
15593,S. Bengriba,37,France,59,Grenoble Foot 38,0.02,1,5.0,,,54.0,18.0,53.0,54.0,23.0,53.0,48.0,47.0,69.0,80.0,37.0,65.0,63.0,63.0,26.0,78.0,43.0,39.0,41.0
15632,M. Andersson,37,Sweden,59,Trelleborgs FF,0.02,0,37.0,,,25.0,38.0,58.0,58.0,42.0,32.0,51.0,45.0,32.0,31.0,49.0,59.0,31.0,64.0,48.0,66.0,40.0,51.0,18.0
15649,D. Nasu,36,Japan,59,Vissel Kobe,0.02,0,2.0,,,34.0,34.0,61.0,55.0,22.0,51.0,50.0,50.0,55.0,34.0,55.0,60.0,40.0,68.0,37.0,64.0,37.0,36.0,61.0
15692,S. Russell,35,England,59,Grimsby Town,0.04,0,23.0,,,28.0,15.0,34.0,33.0,31.0,27.0,31.0,31.0,30.0,46.0,22.0,48.0,39.0,51.0,8.0,44.0,12.0,41.0,14.0
15868,Y. Fujita,35,Japan,58,Júbilo Iwata,0.03,0,33.0,,,23.0,23.0,40.0,26.0,22.0,37.0,24.0,32.0,36.0,51.0,33.0,78.0,54.0,75.0,16.0,72.0,23.0,23.0,25.0
15892,B. Williams,35,England,58,Bolton Wanderers,0.03,0,27.0,,,13.0,12.0,13.0,28.0,13.0,19.0,32.0,29.0,50.0,61.0,22.0,71.0,28.0,70.0,13.0,38.0,14.0,37.0,38.0
15972,J. Inamoto,38,Japan,58,Hokkaido Consadole Sapporo,0.02,0,17.0,,,62.0,50.0,63.0,64.0,54.0,57.0,57.0,64.0,51.0,50.0,68.0,46.0,30.0,51.0,60.0,72.0,55.0,63.0,58.0
16054,K. Fegrouche,36,Morocco,58,IK Sirius,0.02,0,1.0,,,21.0,12.0,24.0,12.0,17.0,21.0,22.0,17.0,36.0,33.0,16.0,53.0,43.0,50.0,20.0,43.0,8.0,29.0,25.0
16071,S. Farelli,35,Italy,58,Pescara,0.03,0,21.0,,,18.0,15.0,14.0,36.0,15.0,11.0,23.0,20.0,42.0,42.0,23.0,53.0,32.0,54.0,13.0,32.0,13.0,45.0,11.0
16171,Ryang Yong Gi,36,Korea DPR,58,Vegalta Sendai,0.05,0,10.0,,,66.0,55.0,46.0,68.0,45.0,64.0,62.0,66.0,34.0,64.0,51.0,33.0,49.0,63.0,64.0,45.0,50.0,68.0,49.0
16204,C. Månsson,37,Sweden,58,Kristiansund BK,0.01,0,23.0,,,23.0,18.0,28.0,43.0,19.0,14.0,35.0,29.0,19.0,46.0,24.0,58.0,33.0,67.0,17.0,44.0,17.0,39.0,28.0
16249,B. Lekström,37,Sweden,58,Hammarby IF,0.01,0,27.0,,,12.0,15.0,13.0,30.0,11.0,13.0,35.0,18.0,39.0,52.0,15.0,56.0,30.0,64.0,15.0,32.0,15.0,28.0,15.0
16264,P. van der Vlag,40,Netherlands,58,FC Emmen,0.01,0,1.0,,,12.0,11.0,15.0,28.0,17.0,15.0,25.0,26.0,30.0,25.0,19.0,60.0,27.0,60.0,15.0,31.0,9.0,39.0,11.0
16310,C. Weale,36,England,57,Exeter City,0.01,1,22.0,,,13.0,20.0,11.0,24.0,17.0,20.0,27.0,23.0,49.0,65.0,17.0,53.0,40.0,63.0,19.0,44.0,19.0,15.0,13.0
16449,R. Cretaro,36,Republic of Ireland,57,Sligo Rovers,0.04,0,10.0,,,51.0,60.0,56.0,57.0,56.0,59.0,51.0,60.0,54.0,67.0,55.0,82.0,29.0,39.0,55.0,55.0,56.0,52.0,60.0
16489,K. Ellison,39,England,57,Morecambe,0.03,1,11.0,,,59.0,60.0,61.0,54.0,63.0,65.0,47.0,61.0,45.0,62.0,69.0,67.0,55.0,82.0,67.0,75.0,62.0,61.0,60.0
16565,K. Kitamoto,36,Japan,57,Vissel Kobe,0.01,0,4.0,,,20.0,17.0,65.0,33.0,24.0,22.0,25.0,26.0,36.0,48.0,37.0,70.0,41.0,69.0,19.0,75.0,25.0,30.0,31.0
16596,A. Al Basisi,40,Saudi Arabia,57,Ohod Club,0.01,0,22.0,,,16.0,19.0,15.0,21.0,11.0,13.0,18.0,20.0,46.0,38.0,19.0,58.0,37.0,79.0,17.0,22.0,17.0,16.0,28.0
16628,K. Stamatopoulos,38,Canada,57,AIK,0.01,1,13.0,,,17.0,12.0,14.0,36.0,9.0,12.0,22.0,24.0,30.0,34.0,16.0,49.0,40.0,72.0,16.0,22.0,17.0,35.0,16.0
16785,K. Ogi,35,Japan,56,Vissel Kobe,0.02,0,29.0,,,11.0,7.0,13.0,23.0,8.0,13.0,21.0,17.0,19.0,24.0,19.0,60.0,20.0,42.0,6.0,24.0,4.0,35.0,16.0
16936,Y. Uekusa,35,Japan,56,Shimizu S-Pulse,0.02,0,43.0,,,35.0,16.0,28.0,46.0,13.0,13.0,66.0,35.0,63.0,61.0,40.0,54.0,44.0,54.0,18.0,45.0,15.0,48.0,33.0
17209,Y. Nishibe,37,Japan,55,Shimizu S-Pulse,0.01,0,1.0,,,14.0,8.0,11.0,29.0,6.0,13.0,15.0,13.0,25.0,25.0,19.0,53.0,18.0,49.0,5.0,17.0,8.0,40.0,10.0
17341,G. Maley,35,Scotland,54,Livingston FC,0.02,0,20.0,,,12.0,8.0,13.0,20.0,9.0,14.0,26.0,17.0,19.0,31.0,20.0,59.0,18.0,52.0,9.0,17.0,6.0,32.0,12.0
17466,S. Ono,38,Japan,54,Hokkaido Consadole Sapporo,0.02,0,44.0,,,56.0,50.0,46.0,65.0,49.0,48.0,52.0,62.0,41.0,50.0,58.0,33.0,28.0,44.0,50.0,55.0,63.0,62.0,58.0
17657,J. McCombe,35,England,53,Lincoln City,0.01,0,27.0,,,24.0,23.0,56.0,38.0,21.0,16.0,43.0,30.0,20.0,23.0,21.0,29.0,32.0,76.0,18.0,55.0,20.0,19.0,31.0
17672,R. Kawai,39,Japan,53,Hokkaido Consadole Sapporo,,0,4.0,,,39.0,35.0,39.0,62.0,27.0,41.0,45.0,47.0,32.0,30.0,37.0,32.0,31.0,48.0,41.0,50.0,24.0,40.0,43.0
17704,F. Nicastro,36,Italy,53,Neuchâtel Xamax,0.01,0,1.0,,,14.0,9.0,14.0,29.0,6.0,12.0,27.0,13.0,18.0,25.0,23.0,57.0,30.0,55.0,9.0,26.0,5.0,40.0,12.0
17752,S. Phillips,40,England,52,Yeovil Town,,0,25.0,,,13.0,15.0,11.0,15.0,13.0,15.0,15.0,22.0,28.0,38.0,12.0,44.0,23.0,53.0,12.0,34.0,14.0,10.0,13.0
17842,Zhou Ting,39,China PR,52,Dalian YiFang FC,0.01,0,12.0,,,45.0,53.0,44.0,55.0,53.0,62.0,47.0,63.0,65.0,77.0,50.0,47.0,36.0,70.0,46.0,51.0,69.0,44.0,49.0
