id,id_jugador,nombre,edad,nacionalidad,rating,club,valor,id_perfil,numero_jersey,altura,peso,carrera,conclusion,efectividad_cabeza,pases_cortos,voleas,dribling,pases_largos,control_balon,aceleración,agilidad,poder_tiro,salto,actitud,poder,tiros_largos,agresividad,posicionamiento,visión,penalties,marca_rival
306,171897,A. Guardado,31,Mexico,82,Real Betis,19.0,1,18.0,173.0,67.0,73.0,60.0,55.0,85.0,69.0,80.0,83.0,84.0,74.0,81.0,74.0,74.0,84.0,57.0,72.0,72.0,70.0,83.0,70.0,75.0
329,221992,H. Lozano,22,Mexico,81,PSV,24.0,0,22.0,179.0,69.0,75.0,77.0,60.0,74.0,75.0,84.0,67.0,80.0,94.0,91.0,76.0,75.0,80.0,59.0,76.0,64.0,77.0,75.0,64.0,45.0
371,193165,J. Corona,25,Mexico,81,FC Porto,21.5,0,17.0,176.0,62.0,73.0,76.0,67.0,76.0,75.0,91.0,68.0,84.0,87.0,90.0,66.0,72.0,74.0,39.0,67.0,45.0,80.0,77.0,68.0,52.0
397,169416,C. Vela,29,Mexico,81,Los Angeles FC,17.5,1,10.0,155.0,77.0,79.0,81.0,70.0,81.0,82.0,83.0,66.0,83.0,78.0,81.0,74.0,68.0,74.0,67.0,80.0,57.0,81.0,81.0,72.0,31.0
406,156519,H. Herrera,28,Mexico,81,FC Porto,17.5,0,16.0,182.0,72.0,63.0,68.0,59.0,78.0,59.0,76.0,75.0,78.0,71.0,66.0,81.0,66.0,94.0,73.0,78.0,83.0,81.0,77.0,64.0,83.0
695,178224,J. Hernández,30,Mexico,79,West Ham United,12.0,0,17.0,179.0,73.0,64.0,84.0,79.0,65.0,74.0,73.0,56.0,77.0,77.0,75.0,75.0,83.0,66.0,53.0,66.0,59.0,86.0,70.0,74.0,21.0
823,204838,R. Jiménez,27,Mexico,78,Wolverhampton Wanderers,12.0,0,9.0,188.0,81.0,69.0,76.0,81.0,71.0,77.0,74.0,67.0,74.0,69.0,73.0,79.0,68.0,76.0,78.0,68.0,80.0,83.0,71.0,90.0,46.0
867,186302,E. Hernández,30,Mexico,78,Cruz Azul,10.0,0,11.0,173.0,64.0,80.0,75.0,49.0,79.0,72.0,80.0,75.0,83.0,74.0,80.0,73.0,70.0,77.0,58.0,74.0,39.0,70.0,80.0,70.0,50.0
1010,192350,J. Aquino,28,Mexico,77,Tigres U.A.N.L.,9.0,0,20.0,170.0,62.0,73.0,64.0,47.0,75.0,51.0,80.0,68.0,77.0,91.0,91.0,74.0,76.0,75.0,36.0,64.0,59.0,75.0,72.0,67.0,40.0
1046,170370,J. dos Santos,28,Mexico,77,LA Galaxy,9.0,0,8.0,176.0,73.0,76.0,61.0,55.0,81.0,69.0,78.0,77.0,79.0,74.0,74.0,72.0,66.0,78.0,65.0,73.0,72.0,73.0,75.0,59.0,70.0
1068,178322,M. Layún,30,Mexico,77,Villarreal CF,6.5,0,19.0,155.0,76.0,80.0,67.0,63.0,76.0,66.0,75.0,74.0,76.0,76.0,72.0,80.0,75.0,76.0,66.0,76.0,72.0,73.0,71.0,74.0,77.0
1109,220854,E. Gutiérrez,23,Mexico,77,PSV,13.0,1,3.0,155.0,73.0,69.0,68.0,52.0,79.0,65.0,74.0,76.0,77.0,78.0,69.0,77.0,53.0,91.0,62.0,74.0,60.0,67.0,76.0,67.0,75.0
1135,186307,M. Fabián,28,Mexico,77,Eintracht Frankfurt,9.0,0,8.0,173.0,64.0,74.0,72.0,61.0,77.0,77.0,78.0,74.0,78.0,69.0,86.0,81.0,67.0,71.0,64.0,80.0,64.0,74.0,74.0,75.0,20.0
1140,140233,G. Ochoa,32,Mexico,77,Standard de Liège,5.0,0,13.0,185.0,78.0,15.0,12.0,19.0,31.0,16.0,10.0,32.0,18.0,47.0,65.0,25.0,75.0,34.0,56.0,11.0,19.0,16.0,48.0,16.0,21.0
1217,192012,D. Reyes,25,Mexico,76,Fenerbahçe SK,8.5,0,5.0,188.0,73.0,49.0,45.0,78.0,77.0,37.0,67.0,68.0,74.0,63.0,68.0,49.0,70.0,68.0,69.0,47.0,64.0,44.0,52.0,50.0,78.0
1315,210761,R. Pizarro,24,Mexico,76,Monterrey,10.5,0,20.0,176.0,63.0,72.0,70.0,58.0,78.0,73.0,79.0,72.0,77.0,81.0,82.0,72.0,70.0,89.0,72.0,68.0,50.0,72.0,74.0,67.0,69.0
1424,212888,C. Salcedo,24,Mexico,76,Eintracht Frankfurt,8.5,0,13.0,185.0,83.0,28.0,22.0,71.0,67.0,25.0,58.0,60.0,60.0,65.0,62.0,42.0,72.0,69.0,77.0,18.0,79.0,30.0,48.0,36.0,76.0
1482,190653,I. Brizuela,27,Mexico,76,Guadalajara,8.0,0,11.0,173.0,66.0,73.0,65.0,50.0,72.0,61.0,80.0,65.0,79.0,90.0,90.0,72.0,66.0,80.0,68.0,69.0,70.0,69.0,66.0,60.0,40.0
1498,209610,J. Vázquez,30,Mexico,76,Santos Laguna,5.5,0,23.0,167.0,63.0,55.0,40.0,55.0,79.0,48.0,59.0,70.0,71.0,77.0,78.0,68.0,69.0,90.0,64.0,64.0,63.0,65.0,65.0,56.0,73.0
1532,163301,J. Orozco,32,Mexico,76,Santos Laguna,4.4,0,1.0,182.0,81.0,12.0,14.0,12.0,52.0,14.0,27.0,61.0,35.0,59.0,69.0,24.0,84.0,45.0,68.0,12.0,40.0,13.0,70.0,24.0,21.0
1608,156433,A. Talavera,35,Mexico,75,Deportivo Toluca,1.6,0,1.0,188.0,82.0,15.0,13.0,14.0,35.0,13.0,10.0,35.0,21.0,58.0,57.0,25.0,80.0,36.0,75.0,13.0,38.0,14.0,43.0,44.0,26.0
1629,187421,J. Hernández,29,Mexico,75,Pachuca,5.0,0,16.0,173.0,78.0,64.0,49.0,56.0,74.0,71.0,67.0,71.0,73.0,67.0,67.0,74.0,81.0,89.0,69.0,69.0,84.0,56.0,73.0,69.0,69.0
1655,192041,N. Araújo,26,Mexico,75,RC Celta,7.0,0,2.0,188.0,87.0,32.0,34.0,78.0,72.0,36.0,53.0,66.0,69.0,69.0,50.0,57.0,66.0,72.0,85.0,39.0,65.0,30.0,43.0,54.0,62.0
1694,224574,O. Pineda,22,Mexico,75,Guadalajara,9.5,0,7.0,173.0,63.0,67.0,65.0,41.0,78.0,67.0,77.0,72.0,75.0,85.0,91.0,72.0,65.0,87.0,57.0,73.0,67.0,68.0,72.0,63.0,57.0
1729,158543,O. Peralta,34,Mexico,75,Club América,3.5,0,24.0,155.0,79.0,62.0,72.0,74.0,68.0,72.0,72.0,64.0,76.0,69.0,77.0,73.0,80.0,71.0,78.0,69.0,78.0,80.0,69.0,73.0,35.0
1741,207444,J. Damm,25,Mexico,75,Tigres U.A.N.L.,8.0,0,25.0,185.0,69.0,68.0,68.0,65.0,70.0,51.0,77.0,62.0,75.0,94.0,89.0,65.0,72.0,77.0,69.0,55.0,68.0,68.0,60.0,61.0,42.0
1821,171896,H. Ayala,31,Mexico,75,Tigres U.A.N.L.,4.5,0,4.0,182.0,81.0,61.0,52.0,71.0,66.0,46.0,51.0,62.0,64.0,55.0,63.0,65.0,67.0,74.0,75.0,57.0,64.0,44.0,55.0,55.0,78.0
1834,170369,G. dos Santos,29,Mexico,75,LA Galaxy,6.5,1,10.0,179.0,71.0,71.0,72.0,61.0,77.0,75.0,78.0,66.0,78.0,85.0,88.0,76.0,58.0,62.0,44.0,73.0,53.0,71.0,71.0,70.0,34.0
1916,229034,V. Guzmán,23,Mexico,75,Pachuca,9.0,0,5.0,179.0,78.0,63.0,70.0,77.0,78.0,48.0,73.0,74.0,74.0,75.0,72.0,75.0,78.0,81.0,64.0,74.0,66.0,69.0,71.0,66.0,71.0
2062,156412,J. Corona,37,Mexico,75,Cruz Azul,0.45,0,1.0,182.0,83.0,17.0,12.0,13.0,33.0,12.0,13.0,33.0,20.0,41.0,64.0,21.0,79.0,25.0,52.0,12.0,11.0,15.0,40.0,21.0,25.0
2084,192009,J. Rodríguez,25,Mexico,74,Lobos BUAP,5.0,0,1.0,185.0,84.0,15.0,11.0,11.0,49.0,11.0,10.0,35.0,23.0,55.0,55.0,24.0,74.0,37.0,78.0,10.0,31.0,10.0,40.0,21.0,16.0
2297,207984,A. González,23,Mexico,74,Monterrey,7.5,1,14.0,176.0,69.0,71.0,72.0,65.0,73.0,67.0,72.0,70.0,76.0,77.0,80.0,71.0,75.0,83.0,69.0,71.0,53.0,74.0,72.0,61.0,62.0
2299,186992,J. Dueñas,29,Mexico,74,Tigres U.A.N.L.,5.5,0,29.0,179.0,73.0,69.0,57.0,68.0,74.0,67.0,71.0,70.0,74.0,78.0,76.0,74.0,73.0,91.0,75.0,70.0,81.0,74.0,70.0,62.0,65.0
2303,171378,P. Aguilar,32,Mexico,74,Club América,3.1,0,22.0,155.0,67.0,75.0,59.0,67.0,69.0,64.0,68.0,68.0,71.0,86.0,71.0,70.0,82.0,90.0,68.0,68.0,75.0,60.0,63.0,57.0,69.0
2418,192930,A. Pulido,27,Mexico,74,Guadalajara,6.5,0,9.0,155.0,76.0,61.0,73.0,70.0,67.0,66.0,75.0,60.0,72.0,78.0,76.0,72.0,73.0,74.0,77.0,70.0,60.0,77.0,63.0,70.0,30.0
2576,186098,R. Cota,30,Mexico,74,Club León,3.6,0,30.0,188.0,83.0,12.0,12.0,14.0,26.0,13.0,15.0,31.0,25.0,59.0,52.0,24.0,69.0,36.0,80.0,16.0,29.0,11.0,55.0,25.0,25.0
2597,226045,J. Gallardo,23,Mexico,74,Monterrey,7.5,1,17.0,179.0,68.0,71.0,70.0,60.0,72.0,49.0,75.0,65.0,73.0,79.0,75.0,72.0,69.0,83.0,73.0,58.0,50.0,72.0,70.0,65.0,70.0
2669,183581,J. Molina,30,Mexico,73,Monterrey,3.0,0,21.0,185.0,77.0,60.0,55.0,86.0,70.0,43.0,63.0,70.0,69.0,69.0,69.0,64.0,74.0,88.0,80.0,62.0,71.0,70.0,67.0,52.0,66.0
2704,192045,L. Rodríguez,27,Mexico,73,Tigres U.A.N.L.,3.7,0,28.0,179.0,73.0,72.0,56.0,60.0,70.0,57.0,74.0,64.0,74.0,86.0,78.0,72.0,67.0,80.0,71.0,67.0,65.0,70.0,72.0,40.0,67.0
2756,235844,E. Álvarez,20,Mexico,73,Club América,4.7,0,4.0,185.0,73.0,64.0,40.0,74.0,72.0,63.0,64.0,71.0,71.0,71.0,73.0,67.0,73.0,73.0,72.0,30.0,71.0,55.0,45.0,65.0,71.0
2810,229980,C. Montes,21,Mexico,73,Monterrey,5.0,0,3.0,192.0,69.0,41.0,32.0,76.0,64.0,31.0,52.0,70.0,62.0,58.0,71.0,50.0,77.0,76.0,79.0,35.0,73.0,59.0,61.0,48.0,68.0
2861,212079,M. Pérez,25,Mexico,73,Guadalajara,4.5,0,25.0,173.0,74.0,61.0,50.0,61.0,75.0,41.0,63.0,68.0,73.0,72.0,75.0,61.0,67.0,79.0,67.0,45.0,75.0,60.0,65.0,59.0,73.0
3020,190636,A. Ríos,29,Mexico,73,Deportivo Toluca,3.1,0,15.0,176.0,74.0,50.0,39.0,54.0,73.0,56.0,55.0,70.0,68.0,66.0,63.0,73.0,64.0,79.0,77.0,73.0,73.0,59.0,69.0,55.0,76.0
3465,234578,L. Reyes,27,Mexico,72,Club América,2.9,1,12.0,155.0,66.0,73.0,34.0,62.0,68.0,44.0,69.0,62.0,66.0,79.0,72.0,64.0,70.0,82.0,62.0,65.0,40.0,56.0,67.0,48.0,69.0
3481,187478,J. Pereira,31,Mexico,72,Guadalajara,2.1,0,4.0,182.0,81.0,50.0,31.0,79.0,60.0,19.0,54.0,54.0,53.0,46.0,40.0,50.0,73.0,70.0,82.0,43.0,70.0,35.0,50.0,50.0,71.0
3520,167524,J. Torres Nilo,30,Mexico,72,Tigres U.A.N.L.,2.2,1,6.0,155.0,78.0,66.0,34.0,68.0,65.0,55.0,64.0,61.0,65.0,74.0,72.0,62.0,75.0,82.0,83.0,50.0,85.0,54.0,50.0,63.0,67.0
3563,192114,A. Briseño,24,Mexico,72,CD Feirense,3.5,0,4.0,185.0,74.0,47.0,41.0,75.0,59.0,45.0,55.0,44.0,61.0,67.0,63.0,45.0,93.0,76.0,74.0,46.0,84.0,20.0,47.0,54.0,70.0
3614,184703,L. Montes,32,Mexico,72,Club León,2.4,1,10.0,167.0,67.0,67.0,67.0,46.0,74.0,73.0,67.0,74.0,70.0,67.0,82.0,71.0,70.0,75.0,59.0,70.0,70.0,66.0,76.0,68.0,45.0
3633,187013,O. Alanís,29,Mexico,72,Real Oviedo,2.4,1,3.0,185.0,74.0,56.0,33.0,75.0,67.0,44.0,57.0,73.0,66.0,36.0,49.0,69.0,74.0,68.0,70.0,59.0,70.0,45.0,56.0,67.0,72.0
3678,224151,H. Martín,25,Mexico,72,Club América,4.0,0,21.0,155.0,73.0,64.0,73.0,73.0,67.0,66.0,72.0,62.0,71.0,78.0,90.0,72.0,80.0,78.0,47.0,64.0,51.0,72.0,66.0,63.0,45.0
3690,227227,D. Álvarez,23,Mexico,72,Club Necaxa,4.2,0,7.0,179.0,69.0,75.0,52.0,54.0,70.0,43.0,77.0,69.0,72.0,89.0,79.0,70.0,67.0,69.0,66.0,63.0,30.0,63.0,66.0,61.0,35.0
3791,188607,R. Salinas,30,Mexico,72,Deportivo Toluca,2.2,0,29.0,155.0,78.0,73.0,62.0,61.0,75.0,44.0,69.0,63.0,70.0,69.0,63.0,74.0,65.0,78.0,70.0,67.0,70.0,69.0,68.0,73.0,70.0
3801,213445,E. López,23,Mexico,72,Guadalajara,4.1,1,10.0,170.0,66.0,58.0,68.0,41.0,70.0,53.0,78.0,64.0,76.0,76.0,85.0,76.0,67.0,70.0,48.0,73.0,32.0,63.0,70.0,61.0,47.0
3806,214727,A. Zaldívar,24,Mexico,72,Guadalajara,4.2,1,14.0,155.0,76.0,60.0,71.0,73.0,64.0,62.0,68.0,60.0,72.0,79.0,76.0,73.0,66.0,73.0,77.0,64.0,43.0,72.0,58.0,83.0,38.0
3809,216520,J. Güemez,26,Mexico,72,Querétaro,3.0,0,6.0,176.0,73.0,66.0,61.0,62.0,68.0,62.0,64.0,66.0,71.0,69.0,67.0,70.0,83.0,77.0,86.0,70.0,86.0,64.0,67.0,51.0,66.0
3840,217813,G. Lajud,24,Mexico,72,Club Tijuana,2.9,0,25.0,155.0,79.0,12.0,14.0,13.0,28.0,13.0,16.0,25.0,21.0,47.0,33.0,20.0,58.0,37.0,64.0,15.0,26.0,18.0,45.0,23.0,21.0
3922,237043,R. Alvarado,19,Mexico,72,Cruz Azul,4.2,1,25.0,179.0,69.0,71.0,63.0,51.0,71.0,62.0,73.0,68.0,72.0,78.0,77.0,66.0,62.0,72.0,55.0,59.0,45.0,68.0,69.0,62.0,55.0
3944,221434,D. Villalpando,26,Mexico,72,Club Necaxa,3.6,0,10.0,176.0,67.0,59.0,62.0,58.0,74.0,63.0,72.0,73.0,72.0,72.0,80.0,70.0,67.0,80.0,69.0,73.0,57.0,66.0,75.0,64.0,48.0
4078,177955,D. Guerrero,30,Mexico,71,Puebla FC,1.8,0,21.0,179.0,71.0,63.0,41.0,63.0,70.0,43.0,70.0,71.0,71.0,47.0,56.0,61.0,62.0,76.0,72.0,52.0,78.0,38.0,65.0,52.0,68.0
4174,231231,B. Garnica,22,Mexico,71,Club Atlas,3.2,0,15.0,170.0,55.0,70.0,68.0,40.0,72.0,52.0,72.0,62.0,74.0,79.0,86.0,72.0,52.0,76.0,56.0,58.0,40.0,63.0,59.0,50.0,33.0
4194,187205,L. Fuentes,31,Mexico,71,Club Tijuana,1.6,1,3.0,176.0,63.0,73.0,50.0,72.0,69.0,52.0,67.0,67.0,68.0,66.0,70.0,72.0,81.0,75.0,72.0,65.0,68.0,64.0,64.0,63.0,69.0
4222,217167,G. Sandoval,22,Mexico,71,Guadalajara,3.6,0,13.0,173.0,66.0,70.0,60.0,50.0,71.0,55.0,73.0,62.0,67.0,82.0,83.0,65.0,62.0,71.0,57.0,62.0,42.0,66.0,68.0,59.0,56.0
4225,217168,J. Abella,24,Mexico,71,Santos Laguna,2.6,0,2.0,179.0,73.0,67.0,42.0,59.0,69.0,38.0,57.0,61.0,67.0,78.0,68.0,62.0,66.0,81.0,58.0,50.0,60.0,63.0,56.0,46.0,65.0
4284,224103,E. Aguirre,21,Mexico,71,Pachuca,4.1,0,14.0,176.0,64.0,70.0,41.0,55.0,72.0,42.0,68.0,70.0,70.0,88.0,78.0,72.0,68.0,80.0,66.0,67.0,67.0,60.0,68.0,55.0,64.0
4292,169321,M. Fraga,30,Mexico,71,U.N.A.M.,1.5,0,29.0,182.0,83.0,13.0,11.0,15.0,52.0,10.0,11.0,60.0,11.0,52.0,51.0,68.0,74.0,35.0,78.0,10.0,33.0,10.0,62.0,25.0,21.0
4303,217710,M. Barragán,26,Mexico,71,Club Necaxa,2.8,0,9.0,155.0,76.0,58.0,71.0,80.0,65.0,65.0,68.0,55.0,70.0,76.0,76.0,70.0,86.0,69.0,72.0,62.0,65.0,69.0,66.0,67.0,18.0
4305,186990,H. González,27,Mexico,71,Club Necaxa,1.8,0,1.0,185.0,82.0,11.0,11.0,22.0,36.0,15.0,16.0,23.0,19.0,32.0,47.0,37.0,59.0,45.0,73.0,14.0,27.0,11.0,60.0,39.0,15.0
4320,239475,J. González,19,Mexico,71,Monterrey,3.7,0,25.0,179.0,62.0,59.0,53.0,55.0,73.0,57.0,73.0,65.0,72.0,77.0,78.0,66.0,70.0,82.0,69.0,53.0,54.0,68.0,70.0,56.0,71.0
4355,173434,P. Barrera,31,Mexico,71,U.N.A.M.,2.1,0,8.0,155.0,72.0,70.0,64.0,50.0,68.0,60.0,72.0,65.0,71.0,78.0,76.0,70.0,68.0,74.0,71.0,64.0,65.0,68.0,67.0,67.0,34.0
4414,199570,J. Sánchez,28,Mexico,71,Guadalajara,1.9,0,17.0,170.0,68.0,72.0,52.0,60.0,70.0,58.0,72.0,65.0,71.0,83.0,81.0,65.0,74.0,69.0,57.0,57.0,70.0,63.0,41.0,60.0,69.0
4441,192922,O. Jiménez,29,Mexico,71,Club América,1.6,0,27.0,182.0,79.0,14.0,13.0,19.0,25.0,12.0,15.0,31.0,24.0,33.0,30.0,17.0,71.0,17.0,76.0,13.0,13.0,14.0,32.0,22.0,15.0
4515,186551,F. Navarro,29,Mexico,71,Club León,1.8,0,5.0,167.0,62.0,68.0,50.0,43.0,67.0,39.0,66.0,63.0,68.0,85.0,79.0,68.0,89.0,81.0,56.0,67.0,61.0,65.0,56.0,64.0,64.0
4557,213446,R. López,25,Mexico,71,Pachuca,2.6,0,6.0,185.0,73.0,79.0,54.0,66.0,72.0,60.0,72.0,70.0,68.0,75.0,68.0,74.0,59.0,80.0,70.0,74.0,51.0,68.0,64.0,68.0,59.0
4647,204771,R. Baca,28,Mexico,71,Cruz Azul,2.4,0,22.0,173.0,64.0,63.0,57.0,53.0,72.0,54.0,68.0,70.0,70.0,77.0,71.0,61.0,52.0,89.0,64.0,50.0,60.0,64.0,69.0,58.0,43.0
4672,191209,J. Isijara,28,Mexico,71,Santos Laguna,2.4,0,7.0,155.0,76.0,70.0,63.0,52.0,73.0,46.0,71.0,63.0,73.0,71.0,73.0,66.0,71.0,75.0,66.0,65.0,49.0,69.0,57.0,49.0,49.0
4688,216302,E. García,28,Mexico,71,Pachuca,1.9,0,12.0,173.0,66.0,66.0,41.0,56.0,65.0,41.0,69.0,60.0,69.0,75.0,88.0,67.0,75.0,89.0,56.0,67.0,56.0,53.0,48.0,58.0,65.0
4703,212466,C. Cisneros,24,Mexico,71,Guadalajara,3.0,0,24.0,179.0,73.0,72.0,65.0,56.0,62.0,59.0,73.0,56.0,74.0,79.0,77.0,72.0,64.0,70.0,67.0,75.0,44.0,69.0,70.0,58.0,54.0
4733,221433,O. Govea,22,Mexico,71,Royal Antwerp FC,3.0,0,23.0,179.0,68.0,49.0,42.0,59.0,73.0,63.0,68.0,71.0,73.0,67.0,71.0,74.0,69.0,66.0,59.0,72.0,73.0,63.0,71.0,57.0,65.0
4741,140029,O. Pérez,45,Mexico,71,Pachuca,0.16,0,21.0,176.0,74.0,19.0,14.0,24.0,26.0,13.0,12.0,27.0,23.0,60.0,69.0,24.0,85.0,41.0,66.0,18.0,26.0,12.0,40.0,23.0,23.0
4766,190467,D. de Buen,26,Mexico,70,Santos Laguna,1.8,0,6.0,182.0,78.0,60.0,57.0,58.0,72.0,65.0,58.0,69.0,66.0,66.0,64.0,78.0,65.0,85.0,74.0,70.0,60.0,55.0,65.0,68.0,61.0
4774,156421,J. Valenzuela,34,Mexico,70,Club Tijuana,0.55,0,6.0,155.0,77.0,56.0,35.0,68.0,63.0,51.0,49.0,50.0,59.0,64.0,63.0,55.0,81.0,61.0,75.0,34.0,69.0,38.0,55.0,53.0,68.0
4837,179731,D. Cabrera,28,Mexico,70,U.N.A.M.,1.8,1,7.0,155.0,76.0,67.0,50.0,50.0,74.0,47.0,65.0,70.0,71.0,67.0,73.0,75.0,58.0,77.0,72.0,69.0,68.0,61.0,69.0,58.0,64.0
5022,187208,A. Saldívar,28,Mexico,70,U.N.A.M.,1.2,0,1.0,182.0,78.0,15.0,13.0,16.0,27.0,11.0,11.0,30.0,14.0,55.0,62.0,12.0,75.0,30.0,68.0,13.0,26.0,16.0,39.0,15.0,23.0
5091,211033,L. García,25,Mexico,70,Deportivo Toluca,1.7,0,22.0,182.0,83.0,17.0,19.0,20.0,31.0,12.0,19.0,24.0,23.0,46.0,32.0,22.0,70.0,40.0,71.0,17.0,24.0,18.0,60.0,23.0,14.0
5107,198751,J. Madueña,28,Mexico,70,Cruz Azul,1.4,0,27.0,155.0,78.0,76.0,42.0,63.0,70.0,48.0,77.0,64.0,74.0,79.0,76.0,60.0,69.0,81.0,73.0,42.0,73.0,59.0,73.0,56.0,50.0
5153,192110,C. Fierro,23,Mexico,70,Monarcas Morelia,2.3,0,7.0,179.0,69.0,67.0,68.0,69.0,65.0,45.0,70.0,60.0,70.0,86.0,89.0,67.0,80.0,81.0,63.0,55.0,35.0,67.0,50.0,64.0,30.0
5165,186993,J. Cortés,28,Mexico,70,Santos Laguna,1.8,0,27.0,173.0,77.0,66.0,66.0,59.0,73.0,73.0,66.0,72.0,68.0,66.0,72.0,71.0,60.0,70.0,73.0,71.0,50.0,67.0,66.0,65.0,56.0
5178,208502,J. Van Rankin,25,Mexico,70,Guadalajara,1.9,0,2.0,155.0,69.0,63.0,26.0,60.0,66.0,37.0,66.0,64.0,65.0,78.0,72.0,57.0,63.0,78.0,61.0,40.0,66.0,55.0,59.0,59.0,67.0
5187,177273,J. Domínguez,30,Mexico,70,Cruz Azul,1.3,0,4.0,179.0,73.0,58.0,29.0,67.0,62.0,38.0,55.0,57.0,61.0,66.0,66.0,61.0,84.0,70.0,74.0,50.0,71.0,44.0,56.0,30.0,70.0
5216,187265,F. Acuña,30,Mexico,70,Puebla FC,1.7,0,8.0,170.0,60.0,64.0,57.0,47.0,68.0,53.0,76.0,60.0,73.0,78.0,89.0,66.0,80.0,70.0,36.0,54.0,25.0,68.0,64.0,63.0,28.0
5263,199569,E. Torres,25,Mexico,70,Club Tijuana,2.3,0,19.0,182.0,81.0,65.0,68.0,71.0,63.0,71.0,67.0,66.0,65.0,70.0,83.0,73.0,70.0,74.0,70.0,69.0,70.0,74.0,68.0,77.0,19.0
5350,237995,D. Lainez,18,Mexico,70,Club América,2.9,1,20.0,170.0,58.0,60.0,60.0,50.0,71.0,57.0,77.0,61.0,72.0,82.0,87.0,55.0,52.0,68.0,60.0,63.0,50.0,60.0,63.0,66.0,50.0
5362,235183,C. Acevedo,22,Mexico,70,Santos Laguna,2.1,0,28.0,182.0,73.0,10.0,9.0,11.0,23.0,6.0,9.0,16.0,15.0,21.0,37.0,19.0,56.0,40.0,38.0,9.0,16.0,6.0,32.0,17.0,21.0
5439,210374,J. Vigón,26,Mexico,70,Club Atlas,1.9,0,7.0,179.0,71.0,63.0,55.0,69.0,71.0,46.0,66.0,70.0,70.0,56.0,63.0,68.0,54.0,84.0,68.0,67.0,86.0,60.0,70.0,56.0,57.0
5450,198601,L. Mendoza,28,Mexico,70,Deportivo Toluca,1.8,0,7.0,176.0,74.0,70.0,61.0,54.0,62.0,52.0,73.0,60.0,70.0,83.0,74.0,66.0,69.0,71.0,69.0,65.0,66.0,60.0,61.0,64.0,26.0
5475,239822,E. Tercero,22,Mexico,70,Tigres U.A.N.L.,2.1,0,40.0,182.0,68.0,63.0,30.0,70.0,60.0,35.0,60.0,57.0,60.0,75.0,60.0,40.0,75.0,68.0,75.0,37.0,61.0,55.0,33.0,48.0,69.0
5479,213711,A. Rocha,25,Mexico,70,Monarcas Morelia,2.2,0,26.0,170.0,68.0,52.0,48.0,45.0,73.0,32.0,67.0,67.0,72.0,59.0,70.0,70.0,50.0,86.0,56.0,63.0,70.0,52.0,68.0,57.0,68.0
5527,210653,L. Quintana,26,Mexico,70,U.N.A.M.,2.0,0,4.0,155.0,73.0,40.0,41.0,65.0,60.0,35.0,60.0,56.0,66.0,53.0,59.0,49.0,87.0,76.0,75.0,43.0,70.0,27.0,52.0,31.0,65.0
5534,200671,V. Ulloa,26,Mexico,70,FC Dallas,1.7,0,8.0,182.0,74.0,44.0,50.0,67.0,76.0,43.0,63.0,66.0,66.0,56.0,68.0,79.0,72.0,80.0,69.0,60.0,73.0,46.0,62.0,53.0,69.0
5569,198632,J. Zárate,26,Mexico,70,Lobos BUAP,2.1,1,20.0,170.0,62.0,60.0,60.0,41.0,68.0,50.0,75.0,60.0,68.0,84.0,79.0,65.0,73.0,81.0,51.0,59.0,24.0,65.0,67.0,59.0,32.0
5579,226285,R. Gudiño,22,Mexico,70,Guadalajara,2.1,0,1.0,198.0,83.0,21.0,17.0,15.0,24.0,14.0,21.0,22.0,23.0,45.0,31.0,20.0,51.0,40.0,75.0,12.0,34.0,14.0,51.0,11.0,19.0
5645,192001,C. Guzmán,24,Mexico,69,Monarcas Morelia,1.2,0,5.0,155.0,69.0,66.0,43.0,69.0,65.0,43.0,68.0,62.0,67.0,75.0,71.0,62.0,91.0,78.0,70.0,44.0,61.0,32.0,39.0,52.0,67.0
5675,199689,A. Sepúlveda,27,Mexico,69,Guadalajara,1.1,0,15.0,155.0,74.0,62.0,62.0,67.0,68.0,65.0,67.0,63.0,68.0,79.0,67.0,71.0,72.0,73.0,74.0,65.0,51.0,69.0,66.0,66.0,23.0
5720,233493,J. Sánchez,20,Mexico,69,Club América,1.3,0,3.0,179.0,71.0,68.0,38.0,61.0,66.0,33.0,61.0,54.0,68.0,75.0,66.0,46.0,67.0,79.0,57.0,39.0,50.0,45.0,35.0,54.0,66.0
5724,190485,H. Olvera,28,Mexico,69,Club Atlas,0.83,1,16.0,179.0,68.0,78.0,41.0,55.0,71.0,47.0,64.0,71.0,72.0,72.0,64.0,51.0,74.0,66.0,69.0,50.0,64.0,38.0,72.0,35.0,60.0
5804,233260,A. Vega,20,Mexico,69,Deportivo Toluca,2.3,0,9.0,176.0,77.0,59.0,74.0,58.0,57.0,60.0,71.0,51.0,68.0,75.0,71.0,66.0,65.0,75.0,72.0,58.0,52.0,69.0,60.0,66.0,49.0
5817,177969,I. González,33,Mexico,69,Club León,0.43,1,35.0,182.0,83.0,47.0,34.0,72.0,58.0,44.0,48.0,53.0,54.0,36.0,44.0,42.0,69.0,67.0,83.0,41.0,83.0,36.0,43.0,46.0,62.0
5843,187705,E. Hernández,31,Mexico,69,Guadalajara,0.7,1,6.0,167.0,72.0,69.0,52.0,66.0,66.0,50.0,70.0,65.0,71.0,71.0,67.0,69.0,69.0,78.0,64.0,67.0,64.0,61.0,62.0,54.0,60.0
5902,157515,E. Velarde,32,Mexico,69,Monarcas Morelia,0.58,1,2.0,179.0,69.0,70.0,52.0,57.0,66.0,61.0,60.0,64.0,65.0,68.0,71.0,66.0,73.0,70.0,72.0,61.0,65.0,56.0,64.0,63.0,68.0
5954,179800,J. Paganoni,29,Mexico,69,Tiburones Rojos de Veracruz,0.8,0,28.0,173.0,64.0,68.0,52.0,52.0,65.0,52.0,66.0,62.0,69.0,79.0,76.0,64.0,73.0,79.0,57.0,56.0,70.0,60.0,54.0,52.0,66.0
5986,192354,R. Vilchis,28,Mexico,69,Monarcas Morelia,1.1,0,12.0,167.0,66.0,68.0,65.0,45.0,67.0,54.0,66.0,65.0,67.0,80.0,85.0,68.0,70.0,72.0,55.0,67.0,56.0,66.0,64.0,54.0,58.0
5992,186979,I. Jiménez,28,Mexico,69,Tigres U.A.N.L.,0.83,0,2.0,179.0,71.0,67.0,45.0,58.0,68.0,43.0,67.0,64.0,69.0,68.0,70.0,60.0,70.0,70.0,68.0,59.0,69.0,68.0,69.0,61.0,65.0
6025,167532,A. Aldrete,30,Mexico,69,Cruz Azul,0.75,1,16.0,155.0,74.0,65.0,41.0,62.0,66.0,40.0,67.0,61.0,67.0,73.0,74.0,67.0,82.0,82.0,65.0,58.0,68.0,63.0,54.0,63.0,68.0
6129,212104,J. Gómez,24,Mexico,69,Querétaro,1.1,0,28.0,179.0,64.0,68.0,59.0,62.0,66.0,58.0,73.0,63.0,67.0,78.0,77.0,66.0,55.0,82.0,63.0,50.0,60.0,48.0,57.0,63.0,62.0
6199,212377,M. Osuna,29,Mexico,69,Monarcas Morelia,0.83,0,8.0,155.0,76.0,62.0,52.0,63.0,70.0,56.0,65.0,64.0,68.0,63.0,64.0,76.0,81.0,75.0,70.0,70.0,60.0,41.0,58.0,71.0,65.0
6297,222643,J. Silva,23,Mexico,69,Cruz Azul,1.2,0,30.0,192.0,78.0,28.0,29.0,75.0,52.0,30.0,29.0,43.0,48.0,36.0,51.0,47.0,69.0,76.0,82.0,28.0,54.0,26.0,32.0,45.0,71.0
6356,183743,A. Blanco,30,Mexico,69,Pachuca,0.68,1,13.0,182.0,91.0,13.0,10.0,12.0,17.0,12.0,10.0,12.0,20.0,57.0,64.0,25.0,60.0,38.0,74.0,13.0,21.0,10.0,34.0,25.0,15.0
6438,187350,E. Pérez,29,Mexico,69,Tiburones Rojos de Veracruz,0.8,0,3.0,179.0,79.0,65.0,44.0,66.0,64.0,46.0,60.0,61.0,65.0,76.0,67.0,60.0,76.0,75.0,72.0,48.0,66.0,60.0,53.0,46.0,64.0
6462,139229,C. Salcido,38,Mexico,69,Guadalajara,0.14,0,3.0,179.0,79.0,70.0,45.0,67.0,70.0,50.0,62.0,68.0,65.0,34.0,57.0,72.0,74.0,66.0,79.0,69.0,81.0,60.0,61.0,62.0,65.0
6509,187110,M. Ponce,29,Mexico,69,Guadalajara,0.8,1,16.0,179.0,82.0,67.0,45.0,50.0,65.0,41.0,63.0,64.0,67.0,69.0,67.0,68.0,82.0,81.0,79.0,63.0,72.0,57.0,50.0,50.0,62.0
6636,183815,G. Flores,32,Mexico,68,Cruz Azul,0.5,0,15.0,179.0,74.0,70.0,48.0,70.0,66.0,51.0,65.0,64.0,66.0,67.0,71.0,66.0,83.0,67.0,69.0,60.0,76.0,60.0,60.0,61.0,67.0
6655,199692,H. Mier,28,Mexico,68,Querétaro,0.83,0,27.0,182.0,73.0,49.0,37.0,72.0,63.0,34.0,56.0,55.0,55.0,57.0,66.0,53.0,72.0,61.0,73.0,47.0,62.0,45.0,56.0,49.0,65.0
6681,203283,A. Escoto,25,Mexico,68,Deportivo Toluca,1.1,1,11.0,155.0,69.0,62.0,69.0,65.0,63.0,41.0,68.0,57.0,71.0,73.0,70.0,62.0,59.0,65.0,67.0,62.0,52.0,69.0,57.0,60.0,19.0
6815,204849,M. Bueno,24,Mexico,68,CD Everton de Viña del Mar,1.3,0,11.0,182.0,72.0,59.0,66.0,70.0,61.0,48.0,66.0,59.0,65.0,72.0,73.0,65.0,76.0,74.0,72.0,58.0,69.0,71.0,55.0,58.0,28.0
6835,187701,G. Corral,27,Mexico,68,Querétaro,0.75,0,2.0,179.0,69.0,67.0,48.0,62.0,66.0,38.0,63.0,64.0,65.0,71.0,66.0,63.0,62.0,73.0,67.0,64.0,57.0,51.0,50.0,63.0,63.0
6996,167519,E. Juárez,30,Mexico,68,Vancouver Whitecaps FC,0.83,0,6.0,155.0,76.0,68.0,50.0,59.0,71.0,41.0,65.0,65.0,69.0,72.0,68.0,64.0,64.0,80.0,72.0,57.0,72.0,65.0,67.0,51.0,66.0
7013,204131,K. Escamilla,24,Mexico,68,U.N.A.M.,1.1,0,6.0,155.0,76.0,57.0,55.0,46.0,68.0,43.0,41.0,67.0,67.0,66.0,64.0,62.0,53.0,74.0,74.0,54.0,64.0,45.0,61.0,45.0,65.0
7028,187238,D. Jiménez,29,Mexico,68,Lobos BUAP,0.9,0,9.0,176.0,62.0,60.0,68.0,59.0,62.0,60.0,80.0,57.0,69.0,74.0,82.0,64.0,61.0,64.0,66.0,64.0,63.0,65.0,39.0,58.0,27.0
7077,171377,L. López,34,Mexico,68,Club Necaxa,0.27,0,23.0,155.0,74.0,51.0,39.0,69.0,62.0,30.0,53.0,59.0,62.0,46.0,66.0,65.0,81.0,43.0,79.0,53.0,71.0,33.0,28.0,69.0,64.0
7111,239738,J. Angulo,20,Mexico,68,Santos Laguna,1.4,1,4.0,155.0,73.0,67.0,36.0,61.0,66.0,36.0,57.0,67.0,65.0,71.0,62.0,47.0,73.0,77.0,62.0,42.0,63.0,53.0,42.0,47.0,66.0
7162,183686,M. de Luna,30,Mexico,68,Guadalajara,0.68,0,33.0,155.0,79.0,42.0,20.0,68.0,59.0,30.0,40.0,50.0,59.0,54.0,47.0,40.0,72.0,71.0,77.0,37.0,70.0,40.0,33.0,50.0,64.0
7168,209800,M. Herrera,29,Mexico,68,Club León,0.7,0,22.0,182.0,81.0,31.0,28.0,72.0,58.0,26.0,45.0,51.0,52.0,55.0,53.0,52.0,61.0,51.0,74.0,38.0,69.0,28.0,40.0,52.0,63.0
7255,181917,L. Noriega,33,Mexico,68,Tiburones Rojos de Veracruz,0.53,0,8.0,176.0,73.0,58.0,53.0,63.0,68.0,51.0,63.0,67.0,65.0,65.0,68.0,72.0,74.0,88.0,73.0,73.0,75.0,59.0,68.0,67.0,66.0
7283,187298,H. Rodríguez,28,Mexico,68,Puebla FC,0.85,0,27.0,182.0,78.0,44.0,41.0,70.0,62.0,45.0,52.0,57.0,58.0,59.0,50.0,63.0,56.0,58.0,78.0,52.0,68.0,40.0,46.0,50.0,65.0
7421,184777,E. Herrera,29,Mexico,68,Santos Laguna,0.9,0,11.0,188.0,86.0,51.0,66.0,73.0,68.0,64.0,59.0,51.0,66.0,39.0,47.0,75.0,69.0,72.0,85.0,62.0,72.0,69.0,65.0,68.0,25.0
7468,170966,C. Esquivel,36,Mexico,68,Tiburones Rojos de Veracruz,0.3,0,7.0,176.0,67.0,68.0,64.0,55.0,68.0,60.0,67.0,62.0,66.0,73.0,77.0,70.0,80.0,74.0,65.0,68.0,47.0,60.0,60.0,65.0,50.0
7583,212467,H. Marín,25,Mexico,68,Guadalajara,0.98,1,5.0,182.0,83.0,27.0,25.0,70.0,60.0,28.0,40.0,56.0,58.0,66.0,47.0,60.0,64.0,64.0,78.0,39.0,60.0,26.0,48.0,45.0,61.0
7675,192007,M. Zúñiga,25,Mexico,67,Cruz Azul,1.0,0,28.0,182.0,79.0,51.0,67.0,72.0,59.0,65.0,62.0,43.0,65.0,69.0,68.0,64.0,71.0,57.0,74.0,55.0,72.0,66.0,58.0,62.0,18.0
7724,156434,F. Rodríguez,36,Mexico,67,Lobos BUAP,0.1,0,3.0,192.0,89.0,34.0,37.0,68.0,60.0,29.0,37.0,50.0,44.0,35.0,30.0,61.0,60.0,38.0,90.0,46.0,78.0,43.0,48.0,52.0,64.0
7878,209717,G. Hernández,25,Mexico,67,Club Necaxa,1.0,1,28.0,176.0,73.0,66.0,60.0,61.0,67.0,55.0,73.0,64.0,68.0,70.0,74.0,65.0,68.0,68.0,61.0,65.0,57.0,62.0,67.0,69.0,62.0
7926,237890,A. Arellano,23,Mexico,67,Querétaro,0.9,0,8.0,179.0,63.0,51.0,44.0,57.0,67.0,44.0,63.0,65.0,66.0,69.0,68.0,66.0,61.0,78.0,66.0,60.0,71.0,54.0,60.0,61.0,65.0
8018,187218,M. Jiménez,28,Mexico,67,Guadalajara,0.65,0,34.0,182.0,78.0,13.0,13.0,12.0,18.0,14.0,13.0,17.0,22.0,41.0,55.0,23.0,52.0,39.0,55.0,15.0,12.0,13.0,14.0,22.0,15.0
8055,157018,M. Hernández,35,Mexico,67,Tiburones Rojos de Veracruz,0.18,0,13.0,182.0,82.0,13.0,14.0,12.0,21.0,20.0,14.0,22.0,20.0,22.0,55.0,23.0,68.0,35.0,66.0,14.0,13.0,17.0,31.0,23.0,23.0
8183,192890,E. Trejo,28,Mexico,67,Querétaro,0.75,1,26.0,173.0,68.0,61.0,61.0,54.0,70.0,55.0,72.0,68.0,71.0,77.0,70.0,69.0,49.0,70.0,63.0,69.0,52.0,50.0,64.0,50.0,60.0
8216,161667,L. Robles,31,Mexico,67,Puebla FC,0.53,0,18.0,173.0,69.0,52.0,34.0,62.0,62.0,29.0,55.0,61.0,62.0,69.0,73.0,74.0,91.0,75.0,81.0,63.0,75.0,60.0,64.0,39.0,66.0
8239,231815,I. Ochoa,21,Mexico,67,CD Everton de Viña del Mar,0.98,0,5.0,182.0,72.0,58.0,45.0,62.0,72.0,32.0,63.0,74.0,70.0,70.0,66.0,62.0,59.0,57.0,75.0,40.0,61.0,58.0,61.0,46.0,60.0
8291,207763,A. Mendoza,24,Mexico,67,U.N.A.M.,0.83,1,5.0,176.0,77.0,70.0,52.0,50.0,70.0,40.0,64.0,65.0,68.0,72.0,70.0,74.0,80.0,74.0,74.0,72.0,68.0,36.0,62.0,60.0,62.0
8309,224150,J. Salas,24,Mexico,67,Cruz Azul,0.98,0,8.0,182.0,73.0,58.0,51.0,47.0,72.0,54.0,64.0,72.0,68.0,67.0,65.0,64.0,48.0,72.0,73.0,55.0,73.0,57.0,64.0,59.0,55.0
8407,230829,A. Mozo,21,Mexico,67,U.N.A.M.,0.9,0,2.0,176.0,68.0,62.0,33.0,54.0,64.0,35.0,64.0,61.0,64.0,79.0,80.0,29.0,55.0,75.0,56.0,34.0,56.0,53.0,42.0,47.0,63.0
8434,216245,L. Cárdenas,24,Mexico,67,Querétaro,0.73,0,22.0,182.0,83.0,14.0,18.0,19.0,48.0,12.0,21.0,49.0,19.0,41.0,32.0,20.0,50.0,43.0,67.0,20.0,26.0,19.0,59.0,25.0,24.0
8435,222645,L. López,24,Mexico,67,Club León,0.98,0,7.0,179.0,64.0,60.0,45.0,58.0,71.0,40.0,63.0,69.0,66.0,67.0,67.0,58.0,65.0,71.0,61.0,52.0,68.0,62.0,64.0,51.0,61.0
8513,161733,J. Rivas,33,Mexico,67,Tiburones Rojos de Veracruz,0.3,1,24.0,188.0,92.0,51.0,40.0,72.0,62.0,42.0,40.0,52.0,50.0,32.0,34.0,66.0,76.0,60.0,91.0,49.0,72.0,45.0,36.0,53.0,61.0
8666,179687,J. Martínez,31,Mexico,67,Pachuca,0.5,0,18.0,179.0,68.0,62.0,50.0,48.0,69.0,50.0,67.0,60.0,65.0,68.0,74.0,66.0,61.0,75.0,68.0,62.0,60.0,65.0,59.0,55.0,66.0
8745,236537,G. Arteaga,19,Mexico,67,Santos Laguna,0.93,1,17.0,179.0,63.0,67.0,40.0,65.0,65.0,38.0,64.0,62.0,62.0,67.0,69.0,58.0,55.0,77.0,56.0,44.0,55.0,59.0,58.0,36.0,61.0
8759,224509,U. Rivas,22,Mexico,67,Santos Laguna,1.0,0,16.0,155.0,71.0,60.0,42.0,54.0,73.0,56.0,58.0,69.0,71.0,70.0,64.0,65.0,64.0,85.0,59.0,65.0,55.0,58.0,60.0,52.0,57.0
8838,192015,G. Acosta,26,Mexico,66,Querétaro,0.75,1,14.0,167.0,63.0,61.0,50.0,47.0,63.0,49.0,70.0,60.0,65.0,86.0,87.0,65.0,76.0,71.0,56.0,51.0,30.0,60.0,60.0,61.0,23.0
8927,238114,C. Vargas,19,Mexico,66,Club América,0.88,1,2.0,179.0,76.0,60.0,39.0,66.0,57.0,39.0,51.0,55.0,59.0,69.0,65.0,59.0,71.0,65.0,66.0,48.0,67.0,45.0,52.0,47.0,67.0
9087,235590,P. Sisniega,22,Mexico,66,Real Sociedad,0.68,0,32.0,195.0,78.0,20.0,11.0,21.0,33.0,14.0,24.0,46.0,35.0,41.0,45.0,52.0,60.0,39.0,61.0,18.0,24.0,7.0,31.0,23.0,10.0
9112,237131,J. Rodríguez,22,Mexico,66,Club León,0.85,1,12.0,173.0,60.0,51.0,33.0,58.0,73.0,46.0,52.0,64.0,67.0,67.0,65.0,58.0,64.0,68.0,65.0,48.0,65.0,52.0,58.0,53.0,59.0
9117,231244,E. Reséndez,22,Mexico,66,Monterrey,0.85,0,24.0,185.0,72.0,13.0,9.0,10.0,35.0,5.0,9.0,24.0,24.0,31.0,31.0,39.0,56.0,29.0,63.0,5.0,25.0,6.0,56.0,12.0,17.0
9153,198740,A. Acosta,30,Mexico,66,Tigres U.A.N.L.,0.48,1,27.0,173.0,71.0,72.0,51.0,50.0,66.0,69.0,71.0,67.0,71.0,66.0,71.0,60.0,71.0,66.0,64.0,67.0,58.0,56.0,65.0,65.0,65.0
9184,187225,O. Mendoza,29,Mexico,66,Club Tijuana,0.48,0,28.0,176.0,72.0,61.0,22.0,59.0,61.0,27.0,58.0,56.0,62.0,72.0,69.0,44.0,66.0,74.0,70.0,39.0,74.0,52.0,42.0,28.0,60.0
9285,211059,R. Godínez,25,Mexico,66,Lobos BUAP,0.73,0,24.0,185.0,68.0,58.0,32.0,66.0,59.0,39.0,58.0,59.0,61.0,68.0,55.0,58.0,73.0,60.0,72.0,41.0,61.0,29.0,41.0,47.0,67.0
9304,171895,F. Canales,31,Mexico,66,Lobos BUAP,0.4,0,31.0,182.0,74.0,9.0,12.0,15.0,36.0,14.0,8.0,33.0,30.0,45.0,65.0,40.0,71.0,40.0,47.0,17.0,43.0,18.0,23.0,28.0,12.0
9341,212353,I. González,26,Mexico,66,Monarcas Morelia,0.63,0,32.0,155.0,74.0,66.0,43.0,63.0,65.0,46.0,65.0,63.0,63.0,70.0,68.0,66.0,68.0,74.0,72.0,57.0,44.0,65.0,55.0,44.0,64.0
9374,187014,C. Cercado,29,Mexico,66,Lobos BUAP,0.5,1,2.0,173.0,68.0,59.0,34.0,64.0,62.0,13.0,27.0,53.0,57.0,54.0,56.0,58.0,65.0,64.0,73.0,56.0,78.0,34.0,61.0,60.0,61.0
9390,226697,M. Laínez,22,Mexico,66,Lobos BUAP,0.88,1,19.0,173.0,66.0,60.0,58.0,61.0,67.0,48.0,73.0,62.0,68.0,78.0,77.0,64.0,58.0,64.0,50.0,57.0,65.0,58.0,54.0,52.0,56.0
9418,193166,L. Madrigal,25,Mexico,66,Monterrey,0.85,0,19.0,192.0,89.0,51.0,68.0,73.0,65.0,49.0,57.0,51.0,67.0,46.0,38.0,69.0,70.0,69.0,87.0,51.0,45.0,70.0,67.0,63.0,35.0
9430,186513,D. Arreola,32,Mexico,66,Puebla FC,0.38,1,5.0,155.0,72.0,65.0,59.0,63.0,66.0,71.0,64.0,63.0,67.0,69.0,66.0,74.0,63.0,73.0,70.0,68.0,58.0,53.0,62.0,60.0,62.0
9495,241823,A. Cruz,20,Mexico,66,Lobos BUAP,0.98,1,18.0,176.0,62.0,62.0,34.0,64.0,68.0,35.0,60.0,63.0,67.0,66.0,55.0,36.0,58.0,69.0,68.0,29.0,59.0,50.0,55.0,42.0,68.0
9517,241570,U. Cardona,19,Mexico,66,Club Atlas,1.0,1,13.0,155.0,67.0,62.0,62.0,58.0,64.0,58.0,69.0,59.0,67.0,79.0,72.0,59.0,64.0,72.0,44.0,57.0,22.0,59.0,55.0,63.0,42.0
9648,235714,M. Domínguez,18,Mexico,66,Cruz Azul,0.93,1,14.0,161.0,58.0,66.0,55.0,48.0,64.0,54.0,68.0,62.0,61.0,69.0,74.0,66.0,70.0,68.0,56.0,56.0,40.0,60.0,60.0,61.0,40.0
9689,139213,L. Michel,38,Mexico,66,Club Tijuana,0.04,0,29.0,182.0,73.0,18.0,13.0,14.0,29.0,14.0,14.0,31.0,23.0,50.0,70.0,23.0,70.0,21.0,65.0,13.0,26.0,17.0,42.0,21.0,21.0
9719,187093,J. González,26,Mexico,66,Lobos BUAP,0.63,1,26.0,173.0,78.0,69.0,41.0,57.0,60.0,56.0,64.0,54.0,63.0,67.0,70.0,64.0,75.0,68.0,59.0,56.0,62.0,55.0,55.0,58.0,69.0
9771,139489,F. Torres,35,Mexico,66,Lobos BUAP,0.27,0,28.0,173.0,69.0,60.0,56.0,55.0,70.0,59.0,64.0,66.0,66.0,61.0,85.0,72.0,81.0,65.0,67.0,67.0,54.0,57.0,66.0,66.0,60.0
9821,230125,A. Acosta,21,Mexico,66,U.N.A.M.,1.2,0,22.0,176.0,73.0,66.0,58.0,54.0,64.0,46.0,64.0,59.0,63.0,80.0,70.0,66.0,66.0,62.0,58.0,43.0,60.0,60.0,64.0,53.0,32.0
9824,244973,M. Ruiz,17,Mexico,66,Querétaro,1.1,0,96.0,155.0,73.0,63.0,45.0,59.0,69.0,60.0,68.0,70.0,66.0,73.0,59.0,66.0,67.0,72.0,64.0,63.0,48.0,57.0,66.0,55.0,39.0
9979,161804,O. Rojas,36,Mexico,65,Lobos BUAP,0.06,0,12.0,176.0,67.0,64.0,29.0,64.0,64.0,48.0,61.0,62.0,62.0,66.0,67.0,67.0,70.0,67.0,66.0,64.0,50.0,33.0,64.0,65.0,63.0
10036,200217,H. Acosta,26,Mexico,65,Deportivo Toluca,0.53,0,13.0,155.0,76.0,59.0,33.0,56.0,56.0,23.0,55.0,55.0,61.0,70.0,59.0,35.0,57.0,61.0,64.0,28.0,55.0,45.0,32.0,36.0,62.0
10169,187193,E. Pimentel,28,Mexico,65,Puebla FC,0.45,0,14.0,179.0,77.0,53.0,34.0,65.0,59.0,30.0,38.0,49.0,39.0,63.0,60.0,35.0,82.0,48.0,78.0,32.0,78.0,35.0,31.0,44.0,62.0
10231,243015,L. Romo,23,Mexico,65,Querétaro,0.68,0,3.0,182.0,83.0,27.0,25.0,63.0,50.0,29.0,34.0,35.0,51.0,62.0,43.0,44.0,73.0,63.0,77.0,21.0,54.0,27.0,30.0,46.0,64.0
10239,239945,F. Beltrán,20,Mexico,65,Guadalajara,0.88,0,88.0,167.0,66.0,53.0,51.0,50.0,68.0,52.0,65.0,66.0,69.0,70.0,75.0,62.0,51.0,59.0,65.0,60.0,57.0,53.0,67.0,56.0,61.0
10250,199245,G. Allison,27,Mexico,65,Cruz Azul,0.43,0,12.0,192.0,89.0,18.0,10.0,13.0,29.0,12.0,15.0,29.0,23.0,38.0,58.0,14.0,69.0,26.0,67.0,15.0,19.0,12.0,28.0,19.0,25.0
10319,239454,B. Figueroa,19,Mexico,65,U.N.A.M.,0.85,0,14.0,179.0,72.0,66.0,65.0,63.0,66.0,40.0,68.0,61.0,62.0,72.0,63.0,58.0,62.0,54.0,67.0,52.0,31.0,63.0,55.0,55.0,32.0
10327,179808,O. Mares,31,Mexico,65,Tiburones Rojos de Veracruz,0.35,1,18.0,173.0,68.0,70.0,49.0,59.0,66.0,56.0,65.0,60.0,63.0,70.0,71.0,77.0,77.0,67.0,64.0,63.0,61.0,55.0,55.0,52.0,66.0
10354,187494,H. Ruíz,31,Mexico,65,Tiburones Rojos de Veracruz,0.48,0,17.0,155.0,77.0,60.0,52.0,56.0,67.0,45.0,59.0,64.0,60.0,55.0,60.0,64.0,50.0,74.0,75.0,60.0,62.0,63.0,65.0,56.0,64.0
10430,232316,G. Aguirre,22,Mexico,65,Club Atlas,0.68,0,5.0,155.0,73.0,51.0,29.0,62.0,57.0,26.0,57.0,48.0,60.0,74.0,67.0,39.0,65.0,70.0,69.0,28.0,63.0,48.0,39.0,42.0,71.0
10464,158595,A. Castro,31,Mexico,65,Santos Laguna,0.38,0,20.0,179.0,67.0,63.0,37.0,60.0,66.0,54.0,59.0,66.0,62.0,47.0,52.0,69.0,73.0,70.0,73.0,58.0,65.0,47.0,63.0,45.0,54.0
10625,237997,U. Antuna,20,Mexico,65,FC Groningen,0.88,0,14.0,179.0,58.0,63.0,55.0,46.0,63.0,48.0,69.0,55.0,65.0,78.0,93.0,55.0,55.0,70.0,31.0,42.0,40.0,55.0,59.0,45.0,24.0
10640,205491,J. Espericueta,23,Mexico,65,Puebla FC,0.7,1,10.0,155.0,77.0,73.0,53.0,51.0,71.0,59.0,69.0,70.0,69.0,69.0,70.0,72.0,69.0,46.0,63.0,72.0,33.0,61.0,66.0,69.0,61.0
10670,239545,J. Godínez,21,Mexico,65,Guadalajara,1.1,0,23.0,182.0,78.0,52.0,65.0,71.0,56.0,58.0,63.0,26.0,62.0,67.0,54.0,61.0,63.0,56.0,78.0,58.0,62.0,60.0,53.0,60.0,28.0
10675,225722,P. Jaquez,22,Mexico,65,U.N.A.M.,0.83,0,19.0,155.0,74.0,34.0,21.0,67.0,55.0,29.0,43.0,50.0,55.0,54.0,50.0,47.0,76.0,65.0,65.0,21.0,55.0,29.0,32.0,44.0,64.0
10733,229831,O. Rodríguez,21,Mexico,65,Club León,0.8,1,24.0,179.0,73.0,62.0,50.0,50.0,68.0,38.0,64.0,56.0,69.0,70.0,70.0,41.0,59.0,67.0,59.0,48.0,54.0,52.0,47.0,51.0,62.0
10741,210123,P. González,25,Mexico,65,Puebla FC,0.68,0,7.0,179.0,69.0,67.0,59.0,56.0,67.0,46.0,60.0,62.0,64.0,67.0,63.0,64.0,60.0,72.0,71.0,47.0,69.0,61.0,67.0,59.0,60.0
10867,224230,A. Díaz,22,Mexico,65,Club Atlas,0.78,0,18.0,179.0,72.0,55.0,68.0,63.0,58.0,62.0,63.0,52.0,63.0,73.0,75.0,62.0,73.0,63.0,60.0,56.0,55.0,66.0,59.0,58.0,19.0
10899,216303,H. Cid,26,Mexico,65,Tiburones Rojos de Veracruz,0.63,0,19.0,155.0,71.0,53.0,48.0,65.0,64.0,57.0,62.0,61.0,66.0,64.0,62.0,65.0,74.0,73.0,72.0,62.0,68.0,56.0,64.0,63.0,57.0
10908,187634,R. Ruiz,32,Mexico,65,Deportivo Toluca,0.3,0,17.0,179.0,72.0,67.0,51.0,61.0,64.0,51.0,65.0,54.0,64.0,76.0,73.0,65.0,51.0,73.0,76.0,61.0,56.0,55.0,55.0,67.0,59.0
10911,187379,F. Ponce,30,Mexico,65,Boyacá Chicó FC,0.5,0,23.0,155.0,67.0,57.0,59.0,45.0,66.0,32.0,62.0,55.0,67.0,74.0,70.0,63.0,56.0,65.0,55.0,57.0,49.0,62.0,65.0,55.0,36.0
11067,197907,M. Sansores,27,Mexico,64,Monarcas Morelia,0.53,0,27.0,179.0,73.0,45.0,64.0,66.0,57.0,52.0,60.0,42.0,61.0,70.0,70.0,65.0,77.0,64.0,58.0,52.0,41.0,65.0,50.0,57.0,30.0
11078,192020,C. Orrantía,27,Mexico,64,Santos Laguna,0.43,0,8.0,179.0,63.0,69.0,54.0,48.0,64.0,47.0,66.0,63.0,71.0,84.0,78.0,55.0,69.0,86.0,63.0,55.0,51.0,52.0,55.0,48.0,53.0
11097,237848,E. Zaldívar,21,Mexico,64,Club Atlas,0.73,0,6.0,179.0,72.0,50.0,53.0,46.0,72.0,48.0,69.0,69.0,70.0,73.0,70.0,59.0,61.0,70.0,59.0,69.0,47.0,52.0,56.0,51.0,50.0
11174,236841,J. Cortizo,22,Mexico,64,Querétaro,0.68,1,29.0,176.0,69.0,63.0,62.0,53.0,65.0,60.0,63.0,63.0,65.0,77.0,84.0,66.0,58.0,58.0,53.0,60.0,57.0,53.0,54.0,63.0,28.0
11181,192043,A. Zamora,26,Mexico,64,Puebla FC,0.45,0,17.0,155.0,74.0,45.0,32.0,63.0,58.0,40.0,56.0,51.0,59.0,61.0,60.0,58.0,67.0,53.0,68.0,54.0,71.0,46.0,50.0,53.0,61.0
11271,212543,V. Milke,23,Mexico,64,Querétaro,0.58,1,5.0,182.0,72.0,57.0,41.0,64.0,56.0,39.0,59.0,54.0,52.0,59.0,58.0,61.0,53.0,65.0,73.0,44.0,67.0,44.0,47.0,50.0,61.0
11316,187722,J. Ibarra,29,Mexico,64,Lobos BUAP,0.43,0,8.0,173.0,69.0,65.0,35.0,36.0,64.0,39.0,64.0,63.0,64.0,64.0,68.0,62.0,68.0,63.0,63.0,60.0,60.0,52.0,68.0,66.0,50.0
11323,239948,S. Reyes,20,Mexico,64,Monarcas Morelia,1.0,1,23.0,179.0,71.0,67.0,64.0,37.0,55.0,49.0,73.0,41.0,67.0,79.0,67.0,67.0,47.0,51.0,52.0,43.0,29.0,59.0,51.0,58.0,27.0
11335,189008,L. Pérez,29,Mexico,64,Club Necaxa,0.35,0,6.0,179.0,77.0,58.0,49.0,51.0,65.0,42.0,61.0,61.0,65.0,72.0,67.0,64.0,55.0,69.0,64.0,59.0,49.0,44.0,64.0,45.0,67.0
11339,232017,T. Alfaro,25,Mexico,64,Seattle Sounders FC,0.5,1,15.0,188.0,86.0,28.0,20.0,59.0,59.0,23.0,47.0,59.0,56.0,55.0,51.0,39.0,57.0,52.0,81.0,18.0,69.0,20.0,35.0,39.0,64.0
11478,177270,L. Martínez,31,Mexico,64,Tiburones Rojos de Veracruz,0.38,0,6.0,176.0,84.0,56.0,32.0,62.0,65.0,41.0,64.0,63.0,66.0,60.0,64.0,69.0,70.0,67.0,71.0,67.0,75.0,49.0,62.0,62.0,59.0
11632,226716,H. Mascorro,21,Mexico,64,Club León,0.73,0,20.0,173.0,68.0,58.0,55.0,53.0,64.0,39.0,64.0,62.0,64.0,81.0,84.0,64.0,61.0,70.0,50.0,57.0,59.0,55.0,49.0,52.0,29.0
11673,242598,D. Lajud,19,Mexico,64,Monterrey,0.75,1,86.0,179.0,63.0,53.0,68.0,63.0,64.0,57.0,63.0,59.0,64.0,74.0,70.0,68.0,64.0,66.0,63.0,63.0,32.0,54.0,53.0,66.0,22.0
11713,222382,L. Chávez,22,Mexico,64,Club Tijuana,0.75,1,24.0,155.0,73.0,62.0,59.0,48.0,68.0,48.0,68.0,69.0,70.0,68.0,66.0,62.0,34.0,53.0,58.0,50.0,28.0,55.0,52.0,50.0,57.0
11726,230834,A. Peña,22,Mexico,64,Pachuca,0.68,0,25.0,188.0,77.0,41.0,23.0,58.0,67.0,39.0,26.0,46.0,49.0,67.0,58.0,59.0,67.0,71.0,76.0,43.0,56.0,27.0,39.0,52.0,63.0
11759,237498,T. Figueroa,19,Mexico,64,Pachuca,0.78,1,19.0,176.0,54.0,60.0,58.0,41.0,67.0,56.0,71.0,53.0,62.0,68.0,83.0,68.0,56.0,64.0,28.0,53.0,29.0,64.0,55.0,63.0,15.0
11775,239551,P. Arce,26,Mexico,64,Club América,0.53,0,15.0,179.0,68.0,63.0,55.0,61.0,72.0,63.0,68.0,73.0,61.0,64.0,72.0,60.0,53.0,33.0,63.0,66.0,46.0,48.0,60.0,56.0,65.0
11801,213444,R. González,24,Mexico,64,Club Necaxa,0.6,0,24.0,179.0,73.0,41.0,42.0,59.0,68.0,35.0,65.0,66.0,65.0,62.0,56.0,59.0,57.0,68.0,61.0,45.0,57.0,48.0,62.0,46.0,69.0
11821,169415,E. Hernández,35,Mexico,64,Club Atlas,0.11,0,23.0,185.0,83.0,15.0,17.0,14.0,27.0,11.0,18.0,27.0,23.0,57.0,65.0,23.0,70.0,28.0,69.0,16.0,29.0,11.0,37.0,24.0,19.0
11880,223956,R. Cota,22,Mexico,64,U.N.A.M.,0.7,1,25.0,155.0,69.0,63.0,53.0,44.0,64.0,49.0,70.0,60.0,65.0,78.0,73.0,67.0,36.0,36.0,59.0,44.0,29.0,64.0,64.0,62.0,55.0
11891,244952,V. Loroña,19,Mexico,64,Puebla FC,0.88,0,99.0,155.0,74.0,64.0,34.0,63.0,64.0,41.0,65.0,61.0,62.0,78.0,62.0,40.0,59.0,70.0,56.0,35.0,62.0,56.0,45.0,42.0,60.0
11961,239592,J. Macías,18,Mexico,64,Guadalajara,0.73,0,92.0,155.0,73.0,45.0,65.0,65.0,60.0,51.0,65.0,42.0,65.0,68.0,65.0,64.0,60.0,55.0,59.0,60.0,40.0,60.0,55.0,72.0,21.0
12015,212468,J. Basulto,26,Mexico,64,Guadalajara,0.48,0,28.0,185.0,76.0,47.0,42.0,62.0,61.0,35.0,43.0,60.0,60.0,44.0,57.0,59.0,64.0,64.0,74.0,42.0,62.0,39.0,52.0,49.0,60.0
12167,239127,A. Mayorga,21,Mexico,63,Club Necaxa,0.63,1,5.0,155.0,68.0,60.0,47.0,64.0,66.0,47.0,58.0,64.0,53.0,71.0,74.0,63.0,63.0,47.0,67.0,43.0,60.0,56.0,53.0,48.0,61.0
12201,202786,R. Sánchez,24,Mexico,63,Chicago Fire,0.38,0,45.0,192.0,87.0,16.0,20.0,12.0,32.0,14.0,13.0,34.0,26.0,43.0,39.0,36.0,54.0,29.0,58.0,19.0,23.0,17.0,42.0,30.0,11.0
12257,192046,L. Olascoaga,26,Mexico,63,Lobos BUAP,0.35,1,27.0,167.0,55.0,60.0,42.0,57.0,64.0,52.0,70.0,58.0,70.0,79.0,86.0,51.0,56.0,64.0,37.0,47.0,21.0,58.0,47.0,60.0,55.0
12344,239943,C. González,26,Mexico,63,Club León,0.45,0,31.0,155.0,74.0,41.0,67.0,67.0,47.0,50.0,61.0,40.0,63.0,60.0,59.0,63.0,69.0,53.0,75.0,68.0,60.0,51.0,51.0,67.0,24.0
12358,239946,J. Valadez,22,Mexico,63,Monarcas Morelia,0.4,0,4.0,155.0,76.0,37.0,34.0,67.0,63.0,29.0,51.0,50.0,54.0,50.0,31.0,45.0,68.0,40.0,61.0,38.0,50.0,37.0,30.0,48.0,55.0
12366,216396,R. González,23,Mexico,63,U.N.A.M.,0.53,0,21.0,182.0,74.0,28.0,27.0,65.0,50.0,53.0,35.0,44.0,40.0,67.0,37.0,43.0,67.0,55.0,64.0,29.0,63.0,28.0,32.0,44.0,65.0
12416,244570,O. León,18,Mexico,63,Club América,0.58,0,28.0,188.0,87.0,37.0,31.0,61.0,52.0,36.0,44.0,50.0,56.0,68.0,38.0,44.0,67.0,62.0,80.0,40.0,48.0,26.0,28.0,44.0,58.0
12421,244571,D. Zamora,20,Mexico,63,Club América,0.63,0,34.0,185.0,78.0,38.0,23.0,61.0,56.0,39.0,54.0,54.0,57.0,70.0,57.0,48.0,71.0,59.0,70.0,36.0,51.0,33.0,31.0,47.0,60.0
12445,244833,C. Zamudio,20,Mexico,63,Monarcas Morelia,0.53,0,29.0,176.0,73.0,52.0,62.0,65.0,63.0,50.0,67.0,59.0,66.0,71.0,75.0,65.0,61.0,55.0,50.0,60.0,32.0,61.0,57.0,60.0,58.0
12456,239461,J. Castillo,23,Mexico,63,U.N.A.M.,0.38,0,24.0,188.0,83.0,11.0,5.0,14.0,28.0,9.0,7.0,21.0,11.0,24.0,65.0,20.0,73.0,27.0,62.0,8.0,24.0,4.0,23.0,16.0,20.0
12470,210026,C. Calvo,25,Mexico,63,Deportivo Toluca,0.4,1,33.0,198.0,87.0,53.0,27.0,64.0,60.0,44.0,54.0,57.0,57.0,53.0,53.0,56.0,32.0,70.0,80.0,41.0,56.0,31.0,51.0,61.0,55.0
12540,235389,C. Rodríguez,21,Mexico,63,Monterrey,0.5,0,29.0,179.0,66.0,55.0,55.0,50.0,64.0,50.0,66.0,60.0,67.0,77.0,76.0,64.0,64.0,49.0,51.0,55.0,31.0,50.0,56.0,62.0,30.0
12718,232101,S. Hernández,21,Mexico,63,Club Atlas,0.58,0,1.0,182.0,74.0,14.0,9.0,10.0,17.0,7.0,10.0,24.0,15.0,23.0,26.0,19.0,69.0,39.0,56.0,5.0,21.0,16.0,50.0,15.0,25.0
12746,233386,P. Yrizar,20,Mexico,63,Querétaro,0.5,1,17.0,182.0,71.0,50.0,66.0,62.0,55.0,46.0,66.0,59.0,62.0,74.0,65.0,60.0,64.0,44.0,68.0,54.0,38.0,55.0,58.0,60.0,19.0
12771,219570,O. Bernal,22,Mexico,63,La Equidad,0.43,0,14.0,179.0,76.0,51.0,20.0,50.0,58.0,33.0,56.0,54.0,60.0,69.0,60.0,40.0,76.0,69.0,69.0,25.0,67.0,40.0,40.0,50.0,60.0
13046,242427,A. Mora,20,Mexico,63,Deportivo Toluca,0.48,1,84.0,192.0,81.0,33.0,22.0,63.0,64.0,31.0,33.0,40.0,41.0,66.0,55.0,44.0,71.0,68.0,73.0,25.0,53.0,23.0,32.0,45.0,56.0
13077,239620,J. Cruz,19,Mexico,62,Tigres U.A.N.L.,0.45,0,24.0,182.0,78.0,30.0,20.0,58.0,60.0,32.0,48.0,55.0,58.0,43.0,34.0,46.0,74.0,55.0,61.0,27.0,55.0,40.0,39.0,45.0,60.0
13118,235536,F. Venegas,19,Mexico,62,CD Everton de Viña del Mar,0.5,1,4.0,155.0,78.0,40.0,34.0,55.0,60.0,40.0,53.0,49.0,54.0,61.0,61.0,52.0,63.0,60.0,70.0,41.0,62.0,37.0,45.0,46.0,65.0
13282,231232,O. Marrufo,25,Mexico,62,Tiburones Rojos de Veracruz,0.38,0,,0.0,0.0,,,,,,,,,,,,,,,,,,,,
13322,216395,J. Hernández,23,Mexico,62,Club Necaxa,0.38,0,21.0,,,63.0,54.0,48.0,62.0,50.0,65.0,58.0,64.0,68.0,59.0,66.0,53.0,62.0,66.0,60.0,50.0,53.0,55.0,60.0,38.0
13331,243021,E. Ortega,21,Mexico,62,Club Atlas,0.48,0,27.0,,,51.0,33.0,55.0,69.0,33.0,60.0,64.0,61.0,65.0,59.0,63.0,57.0,49.0,35.0,60.0,62.0,55.0,62.0,46.0,40.0
13371,244569,U. Torres,20,Mexico,62,Club América,0.45,1,26.0,,,61.0,33.0,61.0,58.0,31.0,63.0,50.0,59.0,52.0,51.0,51.0,52.0,64.0,48.0,34.0,53.0,43.0,41.0,56.0,64.0
13400,244575,A. Sánchez,19,Mexico,62,Cruz Azul,0.45,0,19.0,,,30.0,29.0,68.0,48.0,26.0,45.0,33.0,39.0,62.0,47.0,44.0,73.0,76.0,74.0,29.0,45.0,25.0,32.0,39.0,66.0
13431,235368,E. Torres,20,Mexico,62,Guadalajara,0.5,1,99.0,,,60.0,60.0,43.0,64.0,48.0,68.0,60.0,62.0,76.0,72.0,60.0,42.0,41.0,29.0,46.0,32.0,51.0,53.0,61.0,17.0
13455,235121,B. Lozano,21,Mexico,62,U.N.A.M.,0.55,1,26.0,,,62.0,60.0,41.0,61.0,50.0,68.0,49.0,64.0,72.0,75.0,66.0,48.0,48.0,35.0,46.0,28.0,58.0,46.0,65.0,23.0
13466,235123,A. Iniestra,22,Mexico,62,U.N.A.M.,0.48,1,16.0,,,60.0,47.0,55.0,68.0,32.0,59.0,66.0,61.0,49.0,61.0,65.0,62.0,45.0,71.0,48.0,62.0,55.0,61.0,48.0,64.0
13479,235125,J. Esquivel,20,Mexico,62,Lobos BUAP,0.45,0,4.0,,,28.0,23.0,64.0,65.0,28.0,47.0,62.0,60.0,71.0,70.0,51.0,65.0,43.0,70.0,34.0,58.0,24.0,55.0,44.0,62.0
13492,187511,D. Duarte,33,Mexico,62,Atlético Huila,0.12,0,5.0,,,46.0,37.0,59.0,60.0,37.0,38.0,58.0,59.0,64.0,63.0,35.0,60.0,58.0,68.0,30.0,60.0,42.0,54.0,55.0,65.0
13497,239995,P. López,20,Mexico,62,Pachuca,0.58,1,24.0,,,47.0,49.0,46.0,70.0,48.0,67.0,74.0,62.0,69.0,69.0,59.0,53.0,66.0,33.0,47.0,47.0,50.0,59.0,55.0,40.0
13562,236434,H. Muñoz,23,Mexico,62,Club Tijuana,0.35,0,30.0,,,58.0,27.0,49.0,55.0,28.0,63.0,54.0,43.0,33.0,30.0,26.0,33.0,58.0,86.0,27.0,76.0,43.0,35.0,45.0,62.0
13591,237978,J. Díaz,19,Mexico,62,Tigres U.A.N.L.,0.45,1,23.0,,,60.0,23.0,55.0,64.0,29.0,54.0,58.0,60.0,69.0,52.0,44.0,66.0,55.0,67.0,23.0,55.0,43.0,31.0,46.0,61.0
13615,226721,G. Alcalá,25,Mexico,62,Querétaro,0.29,0,33.0,,,18.0,17.0,18.0,24.0,16.0,13.0,22.0,19.0,59.0,56.0,22.0,65.0,42.0,64.0,19.0,22.0,12.0,35.0,21.0,20.0
13659,246188,D. Hernández,18,Mexico,62,Guadalajara,0.5,1,80.0,,,58.0,66.0,47.0,60.0,58.0,70.0,55.0,67.0,72.0,65.0,68.0,48.0,46.0,61.0,50.0,31.0,56.0,49.0,61.0,25.0
13671,242865,I. Govea,21,Mexico,62,Club Atlas,0.4,0,29.0,,,57.0,31.0,52.0,42.0,32.0,64.0,50.0,52.0,79.0,49.0,33.0,61.0,68.0,58.0,26.0,57.0,45.0,49.0,44.0,60.0
13786,243157,I. Moreno,20,Mexico,62,Club América,0.5,0,25.0,,,54.0,46.0,47.0,74.0,46.0,65.0,71.0,61.0,67.0,58.0,53.0,54.0,40.0,53.0,48.0,42.0,47.0,64.0,53.0,51.0
13795,190934,P. Uscanga,27,Mexico,62,Querétaro,0.35,0,21.0,,,46.0,33.0,47.0,64.0,62.0,61.0,61.0,59.0,75.0,77.0,50.0,64.0,71.0,42.0,46.0,58.0,53.0,58.0,45.0,54.0
13876,240109,E. García,20,Mexico,62,Club Atlas,0.53,0,30.0,,,33.0,29.0,55.0,33.0,26.0,32.0,35.0,39.0,54.0,48.0,45.0,70.0,62.0,76.0,21.0,50.0,24.0,29.0,42.0,68.0
13948,240128,J. Estrada,20,Mexico,61,Club Atlas,0.4,0,12.0,,,14.0,5.0,10.0,24.0,7.0,9.0,25.0,13.0,27.0,58.0,21.0,62.0,28.0,40.0,6.0,18.0,4.0,29.0,16.0,20.0
13952,239617,A. Cervantes,20,Mexico,61,Guadalajara,0.4,0,31.0,,,51.0,44.0,55.0,69.0,42.0,56.0,65.0,60.0,61.0,52.0,57.0,65.0,37.0,53.0,50.0,63.0,40.0,62.0,47.0,59.0
13973,239623,R. Torres,21,Mexico,61,Tigres U.A.N.L.,0.4,0,16.0,,,40.0,35.0,54.0,69.0,40.0,61.0,62.0,65.0,66.0,63.0,51.0,59.0,62.0,66.0,35.0,64.0,51.0,58.0,53.0,65.0
13985,199691,J. Ayala,27,Mexico,61,Boyacá Chicó FC,0.21,0,3.0,,,47.0,29.0,58.0,54.0,37.0,49.0,49.0,58.0,67.0,58.0,51.0,64.0,65.0,64.0,38.0,57.0,33.0,36.0,49.0,67.0
13998,235537,E. Sánchez,18,Mexico,61,Pachuca,0.53,0,28.0,,,38.0,65.0,63.0,68.0,45.0,53.0,59.0,64.0,66.0,66.0,60.0,68.0,56.0,58.0,59.0,43.0,59.0,56.0,65.0,32.0
14065,236842,J. Torres,18,Mexico,61,Club Atlas,0.53,0,20.0,,,52.0,63.0,65.0,60.0,47.0,65.0,51.0,53.0,73.0,79.0,59.0,69.0,47.0,31.0,56.0,32.0,56.0,48.0,65.0,17.0
14072,240940,R. de la Rosa,18,Mexico,61,Pachuca,0.53,0,89.0,,,40.0,65.0,63.0,62.0,39.0,57.0,35.0,57.0,69.0,60.0,52.0,67.0,69.0,60.0,54.0,32.0,60.0,46.0,72.0,13.0
14085,240177,B. Galindo,19,Mexico,61,Guadalajara,0.33,0,96.0,,,26.0,27.0,62.0,44.0,29.0,35.0,45.0,37.0,59.0,35.0,43.0,72.0,54.0,77.0,21.0,50.0,25.0,29.0,39.0,60.0
14192,237657,E. Orona,19,Mexico,61,Pachuca,0.5,0,84.0,,,42.0,45.0,54.0,68.0,48.0,53.0,62.0,54.0,68.0,59.0,53.0,60.0,69.0,65.0,40.0,54.0,54.0,57.0,50.0,63.0
14203,244573,I. Aguilar,20,Mexico,61,Club América,0.43,0,33.0,,,50.0,34.0,58.0,65.0,38.0,53.0,61.0,59.0,64.0,52.0,64.0,61.0,48.0,60.0,52.0,67.0,35.0,47.0,54.0,63.0
14217,244835,A. López,21,Mexico,61,Club América,0.4,1,23.0,,,60.0,55.0,47.0,65.0,54.0,67.0,57.0,65.0,73.0,68.0,63.0,48.0,57.0,43.0,51.0,45.0,53.0,51.0,61.0,43.0
14265,242035,B. Álvarez,22,Mexico,61,Monarcas Morelia,0.33,1,83.0,,,59.0,34.0,61.0,27.0,31.0,65.0,26.0,54.0,69.0,59.0,29.0,62.0,66.0,59.0,32.0,74.0,41.0,36.0,39.0,60.0
14289,244348,E. Gutiérrez,22,Mexico,61,Monterrey,0.38,0,6.0,,,44.0,31.0,53.0,63.0,33.0,50.0,61.0,60.0,68.0,60.0,29.0,60.0,65.0,67.0,34.0,65.0,45.0,41.0,42.0,65.0
14290,244349,J. Vásquez,19,Mexico,61,Monterrey,0.5,1,23.0,,,55.0,30.0,56.0,60.0,28.0,34.0,58.0,54.0,65.0,50.0,38.0,65.0,60.0,65.0,25.0,55.0,33.0,39.0,45.0,64.0
14297,237695,M. Ortega,23,Mexico,61,Tigres U.A.N.L.,0.3,1,30.0,,,12.0,7.0,10.0,20.0,9.0,9.0,29.0,15.0,29.0,58.0,21.0,58.0,26.0,59.0,5.0,19.0,7.0,39.0,21.0,17.0
14310,244611,J. Vega,20,Mexico,61,Tigres U.A.N.L.,0.45,0,31.0,,,35.0,60.0,54.0,60.0,60.0,61.0,50.0,62.0,61.0,65.0,65.0,65.0,60.0,67.0,57.0,45.0,59.0,55.0,56.0,23.0
14311,140164,Y. Gutiérrez,37,Mexico,61,Club Necaxa,0.02,0,25.0,,,12.0,13.0,13.0,30.0,14.0,14.0,28.0,25.0,44.0,39.0,23.0,67.0,30.0,66.0,18.0,29.0,14.0,30.0,23.0,28.0
14318,233606,J. Angulo,21,Mexico,61,Club Tijuana,0.38,1,20.0,,,56.0,51.0,55.0,66.0,44.0,60.0,62.0,61.0,70.0,56.0,64.0,59.0,56.0,54.0,52.0,64.0,50.0,60.0,60.0,34.0
14340,193164,E. Fernández,25,Mexico,61,Tigres U.A.N.L.,0.23,0,22.0,,,10.0,17.0,14.0,30.0,13.0,8.0,38.0,16.0,44.0,49.0,24.0,68.0,33.0,57.0,16.0,42.0,12.0,14.0,24.0,19.0
14361,207509,A. Domínguez,27,Mexico,61,Deportivo Toluca,0.28,1,16.0,,,46.0,32.0,56.0,68.0,38.0,62.0,65.0,63.0,64.0,57.0,51.0,56.0,61.0,65.0,43.0,62.0,50.0,59.0,48.0,46.0
14404,244641,S. Ormeño,24,Mexico,61,Puebla FC,0.33,0,25.0,,,31.0,64.0,69.0,51.0,59.0,55.0,34.0,56.0,51.0,45.0,67.0,64.0,60.0,68.0,60.0,54.0,58.0,51.0,67.0,19.0
14493,236228,C. Castro,21,Mexico,61,Tiburones Rojos de Veracruz,0.33,0,27.0,,,26.0,23.0,58.0,45.0,27.0,26.0,34.0,41.0,55.0,57.0,40.0,68.0,58.0,68.0,23.0,64.0,23.0,29.0,46.0,60.0
14554,235228,N. Gómez,20,Mexico,61,Pachuca,0.4,0,87.0,,,53.0,66.0,35.0,61.0,43.0,62.0,56.0,65.0,71.0,73.0,57.0,54.0,69.0,43.0,54.0,38.0,58.0,54.0,46.0,34.0
14560,245725,D. Rosales,20,Mexico,61,U.N.A.M.,0.4,0,83.0,,,63.0,32.0,52.0,57.0,34.0,54.0,54.0,56.0,70.0,65.0,45.0,55.0,50.0,45.0,34.0,56.0,49.0,43.0,42.0,62.0
14567,244448,J. Sánchez Purata,20,Mexico,61,Tigres U.A.N.L.,0.43,0,14.0,,,37.0,44.0,60.0,57.0,32.0,50.0,55.0,55.0,54.0,50.0,58.0,75.0,59.0,69.0,52.0,55.0,42.0,41.0,45.0,61.0
14571,244449,E. Cerna,20,Mexico,61,Tigres U.A.N.L.,0.48,0,34.0,,,57.0,59.0,45.0,60.0,45.0,65.0,50.0,62.0,70.0,72.0,55.0,55.0,45.0,45.0,48.0,35.0,58.0,57.0,55.0,27.0
14673,239626,R. Durán,20,Mexico,60,Tigres U.A.N.L.,0.38,0,17.0,,,55.0,64.0,63.0,60.0,42.0,61.0,47.0,60.0,62.0,60.0,60.0,71.0,56.0,58.0,55.0,32.0,64.0,58.0,64.0,27.0
14701,226579,A. Zendejas,20,Mexico,60,Guadalajara,0.33,1,29.0,,,40.0,48.0,43.0,60.0,42.0,70.0,54.0,55.0,77.0,81.0,51.0,60.0,62.0,41.0,38.0,59.0,58.0,43.0,42.0,37.0
14706,235796,J. Durán,21,Mexico,60,Club León,0.35,0,15.0,,,27.0,24.0,54.0,51.0,32.0,37.0,47.0,36.0,59.0,37.0,48.0,66.0,58.0,62.0,23.0,58.0,29.0,31.0,38.0,55.0
14754,231206,D. Cruz,23,Mexico,60,Puebla FC,0.22,0,15.0,,,58.0,28.0,57.0,59.0,31.0,54.0,58.0,55.0,71.0,74.0,57.0,72.0,65.0,58.0,31.0,64.0,48.0,50.0,44.0,56.0
14800,227899,A. Peláez,24,Mexico,60,Cruz Azul,0.21,0,21.0,,,20.0,17.0,20.0,37.0,18.0,21.0,29.0,24.0,40.0,37.0,25.0,56.0,26.0,69.0,13.0,27.0,12.0,25.0,21.0,27.0
14884,226140,D. Chávez,23,Mexico,60,Tiburones Rojos de Veracruz,0.27,0,22.0,,,54.0,60.0,54.0,63.0,48.0,60.0,63.0,61.0,48.0,58.0,63.0,62.0,73.0,70.0,57.0,70.0,60.0,62.0,55.0,33.0
14988,242823,E. Cantú,19,Mexico,60,Monterrey,0.35,0,88.0,,,60.0,43.0,52.0,63.0,40.0,64.0,61.0,60.0,69.0,67.0,47.0,57.0,67.0,67.0,39.0,54.0,56.0,55.0,40.0,64.0
15059,245154,A. Verda,19,Mexico,60,Querétaro,0.45,0,99.0,,,33.0,71.0,67.0,52.0,50.0,47.0,38.0,60.0,64.0,55.0,56.0,62.0,51.0,51.0,57.0,30.0,58.0,48.0,72.0,19.0
15064,244644,D. Aymerich,23,Mexico,60,Puebla FC,0.27,0,29.0,,,45.0,38.0,47.0,70.0,40.0,67.0,70.0,58.0,77.0,72.0,54.0,59.0,64.0,58.0,40.0,57.0,60.0,47.0,45.0,48.0
15102,222647,C. Torres,22,Mexico,60,Club León,0.29,0,3.0,,,53.0,36.0,62.0,57.0,30.0,54.0,60.0,54.0,53.0,50.0,60.0,69.0,65.0,66.0,38.0,54.0,26.0,32.0,41.0,57.0
15152,237773,C. González,20,Mexico,60,Club Atlas,0.33,0,24.0,,,50.0,30.0,53.0,37.0,32.0,58.0,30.0,48.0,72.0,65.0,28.0,57.0,56.0,57.0,30.0,50.0,46.0,37.0,47.0,66.0
15155,232654,L. Malagón,21,Mexico,60,Monarcas Morelia,0.29,0,35.0,,,11.0,9.0,13.0,25.0,5.0,8.0,17.0,16.0,25.0,21.0,24.0,59.0,21.0,51.0,6.0,27.0,4.0,28.0,14.0,15.0
15216,233954,C. Calderón,21,Mexico,60,Club Atlas,0.35,0,26.0,,,57.0,33.0,50.0,50.0,27.0,58.0,49.0,61.0,78.0,63.0,31.0,58.0,59.0,43.0,33.0,60.0,46.0,42.0,47.0,50.0
15249,223468,L. Cruz,21,Mexico,60,Tigres U.A.N.L.,0.38,1,32.0,,,47.0,55.0,55.0,58.0,42.0,60.0,51.0,58.0,67.0,72.0,61.0,49.0,44.0,60.0,58.0,28.0,58.0,51.0,56.0,25.0
15287,210426,C. Villanueva,24,Mexico,60,Club Necaxa,0.24,0,4.0,,,57.0,30.0,40.0,59.0,52.0,59.0,57.0,55.0,66.0,55.0,61.0,52.0,68.0,70.0,60.0,60.0,49.0,47.0,62.0,60.0
15298,231422,V. Rodríguez,23,Mexico,60,Club América,0.33,0,32.0,,,55.0,59.0,52.0,64.0,33.0,63.0,59.0,62.0,74.0,75.0,52.0,78.0,64.0,46.0,37.0,58.0,28.0,56.0,52.0,60.0
15349,203282,M. Velázquez,27,Mexico,59,Club León,0.13,0,2.0,,,41.0,49.0,51.0,54.0,46.0,59.0,53.0,62.0,77.0,78.0,49.0,70.0,42.0,60.0,51.0,49.0,46.0,46.0,47.0,57.0
15369,237849,R. Marín,20,Mexico,59,Club Necaxa,0.35,1,17.0,,,37.0,63.0,62.0,59.0,47.0,51.0,42.0,51.0,68.0,61.0,57.0,65.0,68.0,62.0,54.0,28.0,54.0,53.0,68.0,20.0
15466,239947,R. Meraz,18,Mexico,59,Monarcas Morelia,0.23,0,25.0,,,44.0,37.0,55.0,66.0,38.0,60.0,59.0,65.0,34.0,33.0,58.0,62.0,32.0,60.0,51.0,61.0,52.0,47.0,52.0,59.0
15482,244562,A. Hernández,20,Mexico,59,U.N.A.M.,0.28,1,27.0,,,37.0,60.0,57.0,55.0,54.0,55.0,45.0,57.0,60.0,62.0,59.0,65.0,55.0,67.0,55.0,35.0,58.0,56.0,60.0,28.0
15495,244568,C. Estrada,21,Mexico,59,Club América,0.28,0,35.0,,,11.0,8.0,13.0,27.0,8.0,15.0,22.0,17.0,26.0,56.0,26.0,65.0,33.0,45.0,9.0,29.0,6.0,55.0,12.0,16.0
15519,244579,E. Lara,18,Mexico,59,Club León,0.29,1,34.0,,,56.0,30.0,45.0,60.0,40.0,55.0,57.0,50.0,67.0,61.0,35.0,65.0,55.0,40.0,31.0,65.0,55.0,44.0,40.0,58.0
15536,242034,J. Díaz Price,19,Mexico,59,Club León,0.26,0,19.0,,,62.0,56.0,41.0,53.0,53.0,64.0,49.0,61.0,70.0,52.0,64.0,37.0,66.0,41.0,48.0,32.0,53.0,49.0,65.0,37.0
15572,244613,A. Nava,18,Mexico,59,Club Tijuana,0.33,0,31.0,,,51.0,47.0,54.0,67.0,53.0,61.0,68.0,64.0,68.0,62.0,62.0,52.0,61.0,33.0,48.0,43.0,47.0,51.0,52.0,47.0
15624,244900,J. Medina,27,Mexico,59,Club Necaxa,0.14,0,30.0,,,51.0,35.0,47.0,41.0,26.0,67.0,31.0,46.0,65.0,59.0,29.0,57.0,61.0,43.0,28.0,55.0,47.0,35.0,43.0,57.0
15663,220856,P. Esquivel,24,Mexico,59,Club Necaxa,0.21,0,13.0,,,36.0,62.0,66.0,47.0,43.0,60.0,41.0,60.0,60.0,56.0,55.0,62.0,53.0,43.0,62.0,31.0,58.0,48.0,66.0,55.0
15683,245699,G. León,18,Mexico,59,Deportivo Toluca,0.33,0,90.0,,,35.0,69.0,61.0,47.0,46.0,58.0,35.0,55.0,67.0,56.0,53.0,63.0,57.0,34.0,55.0,32.0,59.0,47.0,71.0,19.0
15791,235250,Pedro Goulart,20,Mexico,59,Puebla FC,0.27,0,19.0,,,36.0,64.0,67.0,47.0,42.0,52.0,33.0,54.0,61.0,58.0,58.0,61.0,60.0,58.0,57.0,32.0,59.0,54.0,64.0,22.0
15799,246259,A. Grijalva,17,Mexico,59,Monterrey,0.28,0,38.0,,,34.0,28.0,69.0,33.0,34.0,31.0,30.0,35.0,55.0,48.0,45.0,70.0,61.0,53.0,20.0,62.0,25.0,29.0,39.0,54.0
15847,244743,R. Prieto,21,Mexico,58,Tiburones Rojos de Veracruz,0.21,0,26.0,,,56.0,55.0,40.0,59.0,45.0,61.0,50.0,60.0,70.0,65.0,56.0,50.0,45.0,37.0,39.0,31.0,54.0,56.0,60.0,30.0
15925,241978,C. Higuera,17,Mexico,58,Club Tijuana,0.2,0,81.0,,,10.0,8.0,14.0,19.0,6.0,14.0,18.0,18.0,27.0,35.0,23.0,67.0,21.0,54.0,9.0,17.0,7.0,46.0,16.0,19.0
15935,233535,L. Hernández,20,Mexico,58,Club Necaxa,0.2,0,3.0,,,52.0,33.0,47.0,60.0,45.0,54.0,58.0,56.0,55.0,60.0,55.0,63.0,60.0,61.0,37.0,60.0,47.0,53.0,52.0,59.0
15969,244560,C. Gutiérrez,19,Mexico,58,U.N.A.M.,0.27,0,18.0,,,43.0,45.0,37.0,64.0,54.0,62.0,60.0,60.0,55.0,56.0,55.0,55.0,49.0,54.0,42.0,43.0,58.0,60.0,45.0,34.0
16006,244578,G. Pozos,25,Mexico,58,Club León,0.12,0,1.0,,,11.0,7.0,13.0,15.0,8.0,8.0,24.0,17.0,43.0,42.0,17.0,58.0,16.0,40.0,6.0,19.0,6.0,46.0,13.0,20.0
16033,235122,D. Rodríguez,20,Mexico,58,U.N.A.M.,0.22,0,42.0,,,35.0,24.0,52.0,46.0,29.0,41.0,33.0,34.0,43.0,58.0,41.0,66.0,59.0,68.0,23.0,47.0,32.0,29.0,48.0,55.0
16061,229252,A. Torres,22,Mexico,58,Guadalajara,0.17,0,35.0,,,14.0,12.0,13.0,44.0,11.0,14.0,38.0,20.0,55.0,58.0,25.0,58.0,38.0,63.0,16.0,22.0,11.0,32.0,25.0,18.0
16066,244615,B. García,20,Mexico,58,Club Tijuana,0.19,1,33.0,,,62.0,33.0,59.0,70.0,44.0,57.0,63.0,48.0,61.0,61.0,58.0,55.0,68.0,35.0,40.0,38.0,57.0,46.0,58.0,46.0
16109,245150,C. Trejo,18,Mexico,58,Club Atlas,0.26,0,33.0,,,41.0,66.0,61.0,46.0,41.0,54.0,39.0,56.0,62.0,58.0,56.0,66.0,58.0,48.0,56.0,30.0,52.0,53.0,73.0,19.0
16115,244642,A. Tecpanécatl,20,Mexico,58,Puebla FC,0.21,0,30.0,,,51.0,61.0,49.0,45.0,51.0,68.0,40.0,64.0,75.0,63.0,76.0,41.0,46.0,50.0,43.0,30.0,47.0,48.0,64.0,18.0
16118,244899,J. Veyna,23,Mexico,58,Club Necaxa,0.14,0,20.0,,,49.0,34.0,55.0,68.0,32.0,60.0,62.0,60.0,60.0,54.0,51.0,57.0,46.0,77.0,37.0,64.0,34.0,45.0,51.0,48.0
16163,242118,S. Córdova,21,Mexico,58,Club Necaxa,0.2,0,22.0,,,60.0,58.0,43.0,54.0,45.0,58.0,53.0,62.0,64.0,57.0,59.0,47.0,62.0,40.0,41.0,32.0,53.0,53.0,64.0,30.0
16192,205267,J. Rodríguez,25,Mexico,58,Puebla FC,0.13,0,1.0,,,13.0,10.0,20.0,35.0,12.0,15.0,32.0,24.0,64.0,64.0,38.0,72.0,41.0,62.0,12.0,15.0,13.0,25.0,38.0,12.0
16201,246234,J. Cobián,19,Mexico,58,Club Necaxa,0.19,1,77.0,,,57.0,57.0,39.0,60.0,51.0,60.0,53.0,63.0,61.0,50.0,67.0,44.0,54.0,53.0,40.0,29.0,54.0,47.0,61.0,34.0
16205,245724,D. Villa,20,Mexico,58,Club Atlas,0.19,1,22.0,,,61.0,59.0,40.0,58.0,49.0,64.0,56.0,61.0,62.0,54.0,62.0,48.0,51.0,46.0,43.0,31.0,51.0,49.0,58.0,34.0
16259,212475,C. Camacho,23,Mexico,58,Club Necaxa,0.17,0,34.0,,,55.0,40.0,54.0,64.0,42.0,57.0,62.0,58.0,67.0,61.0,58.0,61.0,70.0,58.0,54.0,59.0,46.0,47.0,56.0,58.0
16309,246294,J. Chávez,21,Mexico,57,Tiburones Rojos de Veracruz,0.17,0,90.0,,,51.0,56.0,49.0,50.0,48.0,56.0,40.0,57.0,77.0,70.0,60.0,47.0,40.0,42.0,45.0,37.0,54.0,55.0,64.0,31.0
16314,246042,D. Tejeda,20,Mexico,57,Tiburones Rojos de Veracruz,0.17,0,32.0,,,42.0,37.0,55.0,59.0,45.0,62.0,60.0,60.0,65.0,60.0,64.0,60.0,55.0,67.0,42.0,55.0,50.0,54.0,50.0,55.0
16381,244558,I. Domínguez,18,Mexico,57,U.N.A.M.,0.19,0,20.0,,,45.0,27.0,64.0,50.0,34.0,45.0,46.0,36.0,67.0,60.0,36.0,67.0,57.0,49.0,35.0,57.0,47.0,49.0,48.0,62.0
16410,244830,M. Trejo,19,Mexico,57,Monarcas Morelia,0.17,0,34.0,,,56.0,33.0,46.0,33.0,31.0,58.0,32.0,48.0,68.0,67.0,33.0,58.0,58.0,55.0,27.0,59.0,56.0,43.0,45.0,55.0
16412,244831,J. Chávez,21,Mexico,57,Monarcas Morelia,0.17,0,30.0,,,58.0,51.0,41.0,57.0,50.0,64.0,56.0,65.0,54.0,57.0,67.0,44.0,51.0,44.0,44.0,32.0,46.0,52.0,61.0,26.0
16421,244580,F. Moreno,20,Mexico,57,Club León,0.17,0,32.0,,,52.0,35.0,56.0,63.0,39.0,57.0,61.0,54.0,64.0,57.0,60.0,61.0,55.0,58.0,47.0,60.0,56.0,55.0,48.0,59.0
16454,239736,T. Trueba,22,Mexico,57,Puebla FC,0.13,1,13.0,,,14.0,5.0,14.0,26.0,5.0,11.0,17.0,17.0,42.0,28.0,25.0,62.0,28.0,50.0,8.0,23.0,6.0,27.0,19.0,15.0
16473,244612,L. Martínez,19,Mexico,57,Club Tijuana,0.2,0,35.0,,,45.0,31.0,53.0,53.0,29.0,62.0,47.0,40.0,69.0,53.0,31.0,56.0,62.0,57.0,28.0,54.0,49.0,37.0,45.0,49.0
16483,244616,A. Díaz,18,Mexico,57,Club Tijuana,0.23,0,34.0,,,56.0,63.0,49.0,54.0,54.0,63.0,44.0,61.0,65.0,50.0,73.0,42.0,61.0,33.0,49.0,31.0,52.0,52.0,67.0,41.0
16551,245173,O. Mireles,19,Mexico,57,Club León,0.17,0,85.0,,,37.0,25.0,57.0,50.0,31.0,40.0,42.0,41.0,67.0,56.0,41.0,70.0,60.0,50.0,30.0,57.0,30.0,33.0,40.0,55.0
16572,186305,O. Tejeda,29,Mexico,57,Lobos BUAP,0.1,1,13.0,,,52.0,54.0,48.0,51.0,50.0,58.0,42.0,58.0,78.0,56.0,53.0,50.0,44.0,75.0,42.0,78.0,58.0,45.0,48.0,22.0
16574,236994,J. Hernandez,22,Mexico,57,Real Salt Lake,0.15,0,29.0,,,48.0,47.0,37.0,62.0,52.0,56.0,56.0,53.0,73.0,86.0,60.0,56.0,65.0,39.0,57.0,47.0,48.0,52.0,56.0,35.0
16575,245698,S. Villarreal,18,Mexico,57,Monterrey,0.19,0,98.0,,,55.0,32.0,50.0,57.0,31.0,51.0,54.0,50.0,68.0,60.0,37.0,56.0,55.0,40.0,33.0,60.0,55.0,43.0,44.0,54.0
16578,244932,K. Castañeda,18,Mexico,57,Deportivo Toluca,0.21,0,95.0,,,55.0,53.0,44.0,58.0,46.0,59.0,54.0,58.0,66.0,58.0,59.0,42.0,54.0,54.0,40.0,28.0,51.0,50.0,62.0,34.0
16610,244951,J. Rodríguez,20,Mexico,57,Puebla FC,0.16,1,24.0,,,42.0,45.0,58.0,60.0,38.0,55.0,64.0,54.0,67.0,59.0,60.0,56.0,64.0,42.0,45.0,61.0,58.0,52.0,45.0,39.0
16644,240107,J. Padilla,19,Mexico,57,Pachuca,0.22,0,90.0,,,57.0,61.0,48.0,54.0,55.0,68.0,47.0,66.0,42.0,58.0,71.0,48.0,31.0,35.0,46.0,31.0,54.0,46.0,58.0,26.0
16693,239629,A. Medina,20,Mexico,56,Deportivo Toluca,0.2,0,30.0,,,44.0,35.0,54.0,70.0,32.0,50.0,59.0,60.0,49.0,58.0,51.0,59.0,34.0,59.0,37.0,60.0,28.0,58.0,53.0,56.0
16763,239942,A. Ávila,20,Mexico,56,Club Atlas,0.2,0,25.0,,,49.0,36.0,60.0,68.0,33.0,55.0,65.0,62.0,63.0,59.0,55.0,56.0,66.0,41.0,34.0,59.0,29.0,54.0,49.0,54.0
16767,210762,B. Hernández,23,Mexico,56,Querétaro,0.11,1,12.0,,,59.0,30.0,52.0,39.0,30.0,55.0,30.0,59.0,68.0,59.0,33.0,54.0,38.0,61.0,36.0,58.0,51.0,38.0,41.0,48.0
16875,244640,J. Medina,20,Mexico,56,Querétaro,0.15,0,15.0,,,47.0,35.0,59.0,63.0,41.0,58.0,65.0,51.0,63.0,53.0,52.0,62.0,57.0,51.0,38.0,57.0,32.0,59.0,46.0,49.0
16876,245152,S. Giménez,17,Mexico,56,Cruz Azul,0.2,0,40.0,,,36.0,65.0,65.0,45.0,45.0,45.0,39.0,53.0,55.0,52.0,52.0,63.0,55.0,47.0,52.0,29.0,55.0,48.0,74.0,14.0
16888,244904,M. Tapias,21,Mexico,56,Pachuca,0.12,0,4.0,,,29.0,24.0,57.0,35.0,32.0,29.0,35.0,33.0,64.0,49.0,42.0,73.0,58.0,57.0,23.0,46.0,31.0,28.0,40.0,55.0
16924,239548,J. Pérez,18,Mexico,56,Club Atlas,0.19,0,99.0,,,41.0,66.0,59.0,45.0,40.0,49.0,39.0,55.0,44.0,57.0,55.0,66.0,49.0,48.0,52.0,30.0,60.0,48.0,67.0,19.0
16983,240105,D. López,18,Mexico,56,Club Tijuana,0.14,0,27.0,,,38.0,62.0,66.0,54.0,40.0,54.0,38.0,52.0,42.0,51.0,52.0,66.0,33.0,46.0,58.0,32.0,56.0,49.0,70.0,21.0
17138,245359,C. Moreno,20,Mexico,55,CD Everton de Viña del Mar,0.1,0,12.0,,,12.0,8.0,12.0,26.0,9.0,14.0,18.0,14.0,27.0,38.0,18.0,41.0,25.0,60.0,8.0,22.0,5.0,39.0,13.0,7.0
17144,235124,S. Jurado,20,Mexico,55,Tiburones Rojos de Veracruz,0.16,0,25.0,,,10.0,7.0,10.0,27.0,7.0,14.0,26.0,10.0,30.0,42.0,25.0,62.0,23.0,43.0,5.0,27.0,6.0,25.0,11.0,19.0
17181,244637,M. Orozco,22,Mexico,55,Querétaro,0.12,0,24.0,,,40.0,34.0,47.0,30.0,34.0,59.0,32.0,33.0,61.0,59.0,30.0,61.0,61.0,34.0,32.0,59.0,49.0,36.0,44.0,55.0
17193,244905,B. Castrejón,21,Mexico,55,Pachuca,0.12,1,33.0,,,44.0,30.0,46.0,29.0,27.0,37.0,30.0,39.0,69.0,58.0,35.0,57.0,58.0,52.0,34.0,56.0,48.0,42.0,41.0,58.0
17228,244933,J. Alvarado,18,Mexico,55,Monterrey,0.18,0,99.0,,,38.0,54.0,55.0,47.0,45.0,54.0,40.0,53.0,60.0,63.0,59.0,69.0,45.0,30.0,53.0,29.0,58.0,52.0,58.0,14.0
17310,246041,E. Pastrana,18,Mexico,54,Tiburones Rojos de Veracruz,0.13,0,33.0,,,44.0,27.0,55.0,33.0,35.0,30.0,39.0,37.0,60.0,56.0,47.0,65.0,50.0,48.0,24.0,50.0,40.0,30.0,44.0,57.0
17350,241980,L. Gamíz,18,Mexico,54,Club Tijuana,0.13,0,98.0,,,48.0,40.0,59.0,58.0,37.0,60.0,58.0,59.0,48.0,51.0,52.0,55.0,45.0,56.0,35.0,58.0,34.0,42.0,51.0,33.0
17358,246090,I. Acero,18,Mexico,54,Deportivo Toluca,0.14,1,96.0,,,42.0,40.0,56.0,66.0,34.0,56.0,62.0,51.0,62.0,51.0,53.0,59.0,47.0,45.0,33.0,66.0,29.0,51.0,45.0,52.0
17373,244828,R. Gutiérrez,22,Mexico,54,Monarcas Morelia,0.08,0,33.0,,,10.0,7.0,14.0,19.0,6.0,6.0,28.0,17.0,19.0,29.0,23.0,62.0,17.0,43.0,5.0,23.0,7.0,25.0,11.0,7.0
17614,239739,A. Ocejo,20,Mexico,53,Santos Laguna,0.09,1,86.0,,,55.0,54.0,43.0,53.0,49.0,60.0,49.0,62.0,41.0,62.0,62.0,49.0,43.0,56.0,40.0,32.0,47.0,52.0,49.0,43.0
18037,246089,C. Landa,19,Mexico,50,Tiburones Rojos de Veracruz,0.05,1,34.0,,,47.0,34.0,43.0,55.0,34.0,45.0,50.0,52.0,71.0,70.0,45.0,55.0,50.0,60.0,35.0,51.0,40.0,47.0,45.0,53.0
18068,240286,J. García,20,Mexico,50,Santos Laguna,0.04,0,92.0,,,14.0,7.0,12.0,28.0,6.0,13.0,16.0,16.0,26.0,35.0,19.0,64.0,30.0,42.0,9.0,19.0,8.0,26.0,14.0,21.0
18113,237045,R. Pasquel,22,Mexico,50,Deportivo Toluca,0.04,0,12.0,,,11.0,8.0,11.0,18.0,9.0,9.0,24.0,10.0,21.0,33.0,18.0,59.0,21.0,46.0,5.0,26.0,6.0,38.0,14.0,12.0
